Ano,Mes,Descripcion,Importe,
2018,12,INGRESOS TOTALES,116255.62,
2018,12,Ingresos Corrientes ,111807.91,
2018,12,Donaciones HIPC,2494.48,
2018,12,Donaciones,1610.73,
2018,12,Ingresos por APP,342.50,
2018,12,GASTO CORRIENTE,98026.62,
2018,12,Gasto de Consumo,55032.26,
2018,12,Sueldos y salarios,38908.34,
2018,12,Aportes Patronales,5074.88,
2018,12,Bienes y servicios,11049.05,
2018,12,Comisiones,1311.12,
2018,12,Internos,992.08,
2018,12,Externos,319.04,
2018,12,Intereses Deuda,15862.10,
2018,12,Internos,10008.33,
2018,12,Externos,5853.77,
2018,12,Transferencias,25821.14,
2018,12,AHORRO EN CUENTA CORRIENTE,13781.28,
2018,12,Gasto de Capital ,30490.47,
2018,12,Inversión,12944.64,
2018,12,Transferencias,17545.84,
2018,12,TOTAL GASTOS NETOS,128517.10,
2018,12,BALANCE ,-12261.48,
2018,12,FINANCIAMIENTO,12261.53,
2018,12,CRÉDITO EXTERNO NETO,5162.29,
2018,12,Desembolsos,10813.42,
2018,12,Amortización ,-5569.40,
2018,12,Transferencias Externas,152.60,
2018,12,Bono Cupón Cero,-234.33,
2018,12,CRÉDITO INTERNO NETO,7099.24,
2018,12,Utilización ,20751.45,
2018,12,Amortización ,-10903.70,
2018,12,Otro Financiamientos,3654.66,
2018,12,Flujo de Cuentas Por Pagar,-1767.22,
2018,12,Flujo de Depositos,-4635.95,
2018,12,PRODUCTO INTERNO BRUTO,0.00,
2018,12,BALANCE GLOBAL NETO / PIB (%),-2.13,
2018,11,INGRESOS TOTALES,103968.61,
2018,11,Ingresos Corrientes ,99866.62,
2018,11,Donaciones HIPC,2063.57,
2018,11,Donaciones,997.20,
2018,11,Ingresos recibidos por intereses (ENEE),1041.22,
2018,11,GASTO CORRIENTE,82303.07,
2018,11,Gasto de Consumo,47462.15,
2018,11,Sueldos y salarios,33967.00,
2018,11,Aportes Patronales,4266.93,
2018,11,Bienes y servicios,9228.22,
2018,11,Comisiones,1191.05,
2018,11,Internos,906.61,
2018,11,Externos,284.45,
2018,11,Intereses Deuda,13734.05,
2018,11,Internos,8832.90,
2018,11,Externos,4901.16,
2018,11,Transferencias,19915.81,
2018,11,AHORRO EN CUENTA CORRIENTE,17563.56,
2018,11,Gasto de Capital ,24190.41,
2018,11,Inversión,10706.48,
2018,11,Transferencias,13483.94,
2018,11,TOTAL GASTOS NETOS,106493.48,
2018,11,BALANCE ,-2524.87,
2018,11,FINANCIAMIENTO,2524.88,
2018,11,CRÉDITO EXTERNO NETO,216.53,
2018,11,Desembolsos,5291.06,
2018,11,Amortización ,-4962.80,
2018,11,Transferencias Externas,122.60,
2018,11,Bono Cupón Cero,-234.33,
2018,11,CRÉDITO INTERNO NETO,2308.35,
2018,11,Utilización ,14512.04,
2018,11,Amortización ,-8679.86,
2018,11,Otro Financiamientos,3075.68,
2018,11,Flujo de Cuentas Por Pagar,-2663.08,
2018,11,Flujo de Depositos,-3936.44,
2018,11,PRODUCTO INTERNO BRUTO,572347.40,
2018,11,BALANCE GLOBAL NETO / PIB (%),-0.44,
2018,10,INGRESOS TOTALES,95287.69,
2018,10,Ingresos Corrientes ,91848.46,
2018,10,Donaciones HIPC,1466.68,
2018,10,Donaciones,931.34,
2018,10,Ingresos recibidos por intereses (ENEE),1041.22,
2018,10,GASTO CORRIENTE,73284.60,
2018,10,Gasto de Consumo,42763.53,
2018,10,Sueldos y salarios,30510.24,
2018,10,Aportes Patronales,3861.49,
2018,10,Bienes y servicios,8391.79,
2018,10,Comisiones,1087.45,
2018,10,Internos,821.66,
2018,10,Externos,265.79,
2018,10,Intereses Deuda,11714.90,
2018,10,Internos,7203.59,
2018,10,Externos,4511.31,
2018,10,Transferencias,17718.73,
2018,10,AHORRO EN CUENTA CORRIENTE,18563.85,
2018,10,Gasto de Capital ,21491.69,
2018,10,Inversión,9662.66,
2018,10,Transferencias,11829.03,
2018,10,TOTAL GASTOS NETOS,94776.29,
2018,10,BALANCE ,511.40,
2018,10,FINANCIAMIENTO,-511.38,
2018,10,CRÉDITO EXTERNO NETO,-50.18,
2018,10,Desembolsos,4159.66,
2018,10,Amortización ,-4080.54,
2018,10,Transferencias Externas,105.00,
2018,10,Bono Cupón Cero,-234.30,
2018,10,CRÉDITO INTERNO NETO,-461.20,
2018,10,Utilización ,13911.90,
2018,10,Amortización ,-8678.50,
2018,10,Otro Financiamientos,2943.80,
2018,10,Flujo de Cuentas Por Pagar,-2490.20,
2018,10,Flujo de Depositos,-6148.20,
2018,10,PRODUCTO INTERNO BRUTO,572347.40,
2018,10,BALANCE GLOBAL NETO / PIB (%),0.09,
2018,9,INGRESOS TOTALES,87137.79,
2018,9,Ingresos Corrientes ,83771.23,
2018,9,Donaciones HIPC,1571.13,
2018,9,Donaciones,754.22,
2018,9,Ingresos recibidos por intereses (ENEE),1041.22,
2018,9,GASTO CORRIENTE,68274.49,
2018,9,Gasto de Consumo,39157.73,
2018,9,Sueldos y salarios,28238.41,
2018,9,Aportes Patronales,3530.07,
2018,9,Bienes y servicios,7389.25,
2018,9,Comisiones,979.18,
2018,9,Internos,729.68,
2018,9,Externos,249.50,
2018,9,Intereses Deuda,11445.01,
2018,9,Internos,7144.58,
2018,9,Externos,4300.43,
2018,9,Transferencias,16692.57,
2018,9,AHORRO EN CUENTA CORRIENTE,15496.73,
2018,9,Gasto de Capital ,19379.21,
2018,9,Inversión,8827.05,
2018,9,Transferencias,10552.15,
2018,9,TOTAL GASTOS NETOS,87653.70,
2018,9,BALANCE ,-515.91,
2018,9,FINANCIAMIENTO,515.90,
2018,9,CRÉDITO EXTERNO NETO,-710.50,
2018,9,Desembolsos,3217.30,
2018,9,Amortización ,-3799.90,
2018,9,Transferencias Externas,106.40,
2018,9,Bono Cupón Cero,-234.30,
2018,9,CRÉDITO INTERNO NETO,1226.40,
2018,9,Utilización ,12915.60,
2018,9,Amortización ,-7911.40,
2018,9,Otro Financiamientos,2866.10,
2018,9,Flujo de Cuentas Por Pagar,-713.20,
2018,9,Flujo de Depositos,-5930.70,
2018,9,PRODUCTO INTERNO BRUTO,572347.40,
2018,9,BALANCE GLOBAL NETO / PIB (%),-0.09,
2018,8,INGRESOS TOTALES,74786.51,
2018,8,Ingresos Corrientes ,71648.08,
2018,8,Donaciones HIPC,1433.84,
2018,8,Donaciones,663.37,
2018,8,Ingresos recibidos por intereses (ENEE),1041.22,
2018,8,GASTO CORRIENTE,61286.19,
2018,8,Gasto de Consumo,34616.43,
2018,8,Sueldos y salarios,25300.95,
2018,8,Aportes Patronales,3127.02,
2018,8,Bienes y servicios,6188.47,
2018,8,Comisiones,877.73,
2018,8,Internos,653.47,
2018,8,Externos,224.26,
2018,8,Intereses Deuda,9861.83,
2018,8,Internos,6161.50,
2018,8,Externos,3700.33,
2018,8,Transferencias,15930.21,
2018,8,AHORRO EN CUENTA CORRIENTE,10361.89,
2018,8,Gasto de Capital ,15656.77,
2018,8,Inversión,7675.98,
2018,8,Transferencias,7980.78,
2018,8,TOTAL GASTOS NETOS,76942.96,
2018,8,BALANCE ,-2156.45,
2018,8,FINANCIAMIENTO,2156.40,
2018,8,CRÉDITO EXTERNO NETO,-322.10,
2018,8,Desembolsos,3163.10,
2018,8,Amortización ,-3474.60,
2018,8,Transferencias Externas,103.80,
2018,8,Bono Cupón Cero,-114.40,
2018,8,CRÉDITO INTERNO NETO,2478.50,
2018,8,Utilización ,11270.90,
2018,8,Amortización ,-6845.20,
2018,8,Otro Financiamientos,2773.20,
2018,8,Flujo de Cuentas Por Pagar,-1636.90,
2018,8,Flujo de Depositos,-3083.50,
2018,8,PRODUCTO INTERNO BRUTO,572347.40,
2018,8,BALANCE GLOBAL NETO / PIB (%),-0.38,
2018,7,INGRESOS TOTALES,66697.90,
2018,7,Ingresos Corrientes ,63905.33,
2018,7,Donaciones HIPC,1288.90,
2018,7,Donaciones,462.47,
2018,7,Ingresos recibidos por intereses (ENEE),1041.20,
2018,7,GASTO CORRIENTE,53323.01,
2018,7,Gasto de Consumo,30318.77,
2018,7,Sueldos y salarios,22393.86,
2018,7,Aportes Patronales,2614.56,
2018,7,Bienes y servicios,5310.35,
2018,7,Comisiones,738.07,
2018,7,Internos,569.89,
2018,7,Externos,168.18,
2018,7,Intereses Deuda,8583.71,
2018,7,Internos,5070.54,
2018,7,Externos,3513.17,
2018,7,Transferencias,13682.47,
2018,7,AHORRO EN CUENTA CORRIENTE,10582.32,
2018,7,Gasto de Capital ,12973.05,
2018,7,Inversión,6278.97,
2018,7,Transferencias,6694.08,
2018,7,TOTAL GASTOS NETOS,66296.06,
2018,7,BALANCE ,401.84,
2018,7,FINANCIAMIENTO,-401.80,
2018,7,CRÉDITO EXTERNO NETO,-247.80,
2018,7,Desembolsos,2728.80,
2018,7,Amortización ,-2959.80,
2018,7,Transferencias Externas,97.60,
2018,7,Bono Cupón Cero,-114.40,
2018,7,CRÉDITO INTERNO NETO,-154.00,
2018,7,Utilización ,10431.00,
2018,7,Amortización ,-6159.70,
2018,7,Otro Financiamientos,2508.40,
2018,7,Flujo de Cuentas Por Pagar,-2014.70,
2018,7,Flujo de Depositos,-4919.00,
2018,7,PRODUCTO INTERNO BRUTO,572347.40,
2018,7,BALANCE GLOBAL NETO / PIB (%),0.07,
2018,6,INGRESOS TOTALES,57135.28,
2018,6,Ingresos Corrientes ,55323.17,
2018,6,Donaciones HIPC,927.13,
2018,6,Donaciones,368.35,
2018,6,Ingresos recibidos por intereses (ENEE),516.63,
2018,6,GASTO CORRIENTE,45773.51,
2018,6,Gasto de Consumo,26484.90,
2018,6,Sueldos y salarios,19607.34,
2018,6,Aportes Patronales,2294.77,
2018,6,Bienes y servicios,4582.80,
2018,6,Comisiones,648.84,
2018,6,Internos,483.94,
2018,6,Externos,164.90,
2018,6,Intereses Deuda,7554.43,
2018,6,Internos,4700.92,
2018,6,Externos,2853.51,
2018,6,Transferencias,11085.34,
2018,6,AHORRO EN CUENTA CORRIENTE,9549.66,
2018,6,Gasto de Capital ,10881.50,
2018,6,Inversión,5079.37,
2018,6,Transferencias,5802.13,
2018,6,TOTAL GASTOS NETOS,56655.01,
2018,6,BALANCE ,480.27,
2018,6,FINANCIAMIENTO,-480.30,
2018,6,CRÉDITO EXTERNO NETO,-180.00,
2018,6,Desembolsos,2513.70,
2018,6,Amortización ,-2689.10,
2018,6,Transferencias Externas,109.80,
2018,6,Bono Cupón Cero,-114.40,
2018,6,CRÉDITO INTERNO NETO,-300.30,
2018,6,Utilización ,9932.50,
2018,6,Amortización ,-6151.00,
2018,6,Otro Financiamientos,2260.30,
2018,6,Flujo de Cuentas Por Pagar,-979.40,
2018,6,Flujo de Depositos,-5362.70,
2018,6,PRODUCTO INTERNO BRUTO,572347.40,
2018,6,BALANCE GLOBAL NETO / PIB (%),0.08,
2018,5,INGRESOS TOTALES,45416.88,
2018,5,Ingresos Corrientes ,43897.48,
2018,5,Donaciones HIPC,675.64,
2018,5,Donaciones,327.13,
2018,5,Ingresos recibidos por intereses (ENEE),516.63,
2018,5,GASTO CORRIENTE,34297.78,
2018,5,Gasto de Consumo,19464.83,
2018,5,Sueldos y salarios,14075.79,
2018,5,Aportes Patronales,1803.35,
2018,5,Bienes y servicios,3585.69,
2018,5,Comisiones,531.36,
2018,5,Internos,404.68,
2018,5,Externos,126.68,
2018,5,Intereses Deuda,5825.92,
2018,5,Internos,3899.28,
2018,5,Externos,1926.64,
2018,5,Transferencias,8475.68,
2018,5,AHORRO EN CUENTA CORRIENTE,9599.70,
2018,5,Gasto de Capital ,8623.51,
2018,5,Inversión,3835.60,
2018,5,Transferencias,4787.90,
2018,5,TOTAL GASTOS NETOS,42921.29,
2018,5,BALANCE ,2495.59,
2018,5,FINANCIAMIENTO,-2495.55,
2018,5,CRÉDITO EXTERNO NETO,-101.80,
2018,5,Desembolsos,2046.20,
2018,5,Amortización ,-2086.70,
2018,5,Transferencias Externas,53.10,
2018,5,Bono Cupón Cero,-114.40,
2018,5,CRÉDITO INTERNO NETO,-2393.75,
2018,5,Utilización ,8799.60,
2018,5,Amortización ,-5925.60,
2018,5,Otro Financiamientos,1986.80,
2018,5,Flujo de Cuentas Por Pagar,-1831.70,
2018,5,Flujo de Depositos,-5422.85,
2018,5,PRODUCTO INTERNO BRUTO,572347.40,
2018,5,BALANCE GLOBAL NETO / PIB (%),0.44,
2018,4,INGRESOS TOTALES,36736.89,
2018,4,Ingresos Corrientes ,35524.52,
2018,4,Donaciones HIPC,503.36,
2018,4,Donaciones,192.39,
2018,4,Ingresos recibidos por intereses (ENEE),516.63,
2018,4,GASTO CORRIENTE,26248.87,
2018,4,Gasto de Consumo,15436.07,
2018,4,Sueldos y salarios,11427.77,
2018,4,Aportes Patronales,1328.29,
2018,4,Bienes y servicios,2680.01,
2018,4,Comisiones,437.20,
2018,4,Internos,323.01,
2018,4,Externos,114.19,
2018,4,Intereses Deuda,4065.45,
2018,4,Internos,2496.91,
2018,4,Externos,1568.53,
2018,4,Transferencias,6310.16,
2018,4,AHORRO EN CUENTA CORRIENTE,9275.65,
2018,4,Gasto de Capital ,6545.97,
2018,4,Inversión,2775.20,
2018,4,Transferencias,3770.77,
2018,4,TOTAL GASTOS NETOS,32794.84,
2018,4,BALANCE ,3942.05,
2018,4,FINANCIAMIENTO,-3942.10,
2018,4,CRÉDITO EXTERNO NETO,-313.60,
2018,4,Desembolsos,1039.80,
2018,4,Amortización ,-1277.80,
2018,4,Transferencias Externas,38.80,
2018,4,Bono Cupón Cero,-114.40,
2018,4,CRÉDITO INTERNO NETO,-3628.50,
2018,4,Utilización ,8282.90,
2018,4,Amortización ,-5925.60,
2018,4,Otro Financiamientos,1556.10,
2018,4,Flujo de Cuentas Por Pagar,-1752.40,
2018,4,Flujo de Depositos,-5789.50,
2018,4,PRODUCTO INTERNO BRUTO,572347.40,
2018,4,BALANCE GLOBAL NETO / PIB (%),0.69,
2018,3,INGRESOS TOTALES,22358.24,
2018,3,Ingresos Corrientes ,21346.96,
2018,3,Donaciones HIPC,361.70,
2018,3,Donaciones,132.96,
2018,3,Ingresos recibidos por intereses (ENEE),516.63,
2018,3,GASTO CORRIENTE,19460.49,
2018,3,Gasto de Consumo,11228.34,
2018,3,Sueldos y salarios,8528.60,
2018,3,Aportes Patronales,952.53,
2018,3,Bienes y servicios,1747.21,
2018,3,Comisiones,321.89,
2018,3,Internos,229.21,
2018,3,Externos,92.68,
2018,3,Intereses Deuda,3570.50,
2018,3,Internos,2130.41,
2018,3,Externos,1440.09,
2018,3,Transferencias,4339.77,
2018,3,AHORRO EN CUENTA CORRIENTE,1886.47,
2018,3,Gasto de Capital ,4826.95,
2018,3,Inversión,2130.41,
2018,3,Transferencias,2696.55,
2018,3,TOTAL GASTOS NETOS,24287.44,
2018,3,BALANCE ,-1929.20,
2018,3,FINANCIAMIENTO,1929.20,
2018,3,CRÉDITO EXTERNO NETO,-278.10,
2018,3,Desembolsos,821.70,
2018,3,Amortización ,-1018.50,
2018,3,Transferencias Externas,33.10,
2018,3,Bono Cupón Cero,-114.40,
2018,3,CRÉDITO INTERNO NETO,2207.30,
2018,3,Utilización ,2860.30,
2018,3,Amortización ,-1198.50,
2018,3,Otro Financiamientos,498.50,
2018,3,Flujo de Cuentas Por Pagar,-1979.60,
2018,3,Flujo de Depositos,2026.60,
2018,3,PRODUCTO INTERNO BRUTO,572347.40,
2018,3,BALANCE GLOBAL NETO / PIB (%),-0.34,
2018,2,INGRESOS TOTALES,15244.81,
2018,2,Ingresos Corrientes ,14419.59,
2018,2,Donaciones HIPC,186.16,
2018,2,Donaciones,122.43,
2018,2,Ingresos recibidos por intereses (ENEE),516.63,
2018,2,GASTO CORRIENTE,11475.04,
2018,2,Gasto de Consumo,6832.57,
2018,2,Sueldos y salarios,5611.51,
2018,2,Aportes Patronales,565.07,
2018,2,Bienes y servicios,655.99,
2018,2,Comisiones,222.95,
2018,2,Internos,161.66,
2018,2,Externos,61.29,
2018,2,Intereses Deuda,2115.61,
2018,2,Internos,1295.90,
2018,2,Externos,819.71,
2018,2,Transferencias,2303.92,
2018,2,AHORRO EN CUENTA CORRIENTE,2944.55,
2018,2,Gasto de Capital ,2991.14,
2018,2,Inversión,1194.38,
2018,2,Transferencias,1796.76,
2018,2,TOTAL GASTOS NETOS,14466.18,
2018,2,BALANCE ,778.63,
2018,2,FINANCIAMIENTO,-778.60,
2018,2,CRÉDITO EXTERNO NETO,-98.20,
2018,2,Desembolsos,511.30,
2018,2,Amortización ,-656.90,
2018,2,Transferencias Externas,47.40,
2018,2,Bono Cupón Cero,0.00,
2018,2,CRÉDITO INTERNO NETO,-680.40,
2018,2,Utilización ,1704.20,
2018,2,Amortización ,-1198.20,
2018,2,Otro Financiamientos,465.60,
2018,2,Flujo de Cuentas Por Pagar,-3418.50,
2018,2,Flujo de Depositos,1766.50,
2018,2,PRODUCTO INTERNO BRUTO,572347.40,
2018,2,BALANCE GLOBAL NETO / PIB (%),0.14,
2018,1,INGRESOS TOTALES,8107.66,
2018,1,Ingresos Corrientes ,7492.98,
2018,1,Donaciones HIPC,92.93,
2018,1,Donaciones,5.37,
2018,1,Ingresos recibidos por intereses (ENEE),516.39,
2018,1,GASTO CORRIENTE,5456.14,
2018,1,Gasto de Consumo,3608.83,
2018,1,Sueldos y salarios,3041.89,
2018,1,Aportes Patronales,234.31,
2018,1,Bienes y servicios,332.63,
2018,1,Comisiones,86.41,
2018,1,Internos,81.66,
2018,1,Externos,4.75,
2018,1,Intereses Deuda,1005.05,
2018,1,Internos,368.57,
2018,1,Externos,636.48,
2018,1,Transferencias,755.85,
2018,1,AHORRO EN CUENTA CORRIENTE,2036.83,
2018,1,Gasto de Capital ,1178.21,
2018,1,Inversión,311.97,
2018,1,Transferencias,866.24,
2018,1,TOTAL GASTOS NETOS,6634.35,
2018,1,BALANCE ,1473.30,
2018,1,FINANCIAMIENTO,-1473.30,
2018,1,CRÉDITO EXTERNO NETO,-223.20,
2018,1,Desembolsos,12.90,
2018,1,Amortización ,-267.50,
2018,1,Transferencias Externas,31.40,
2018,1,Bono Cupón Cero,0.00,
2018,1,CRÉDITO INTERNO NETO,-1250.10,
2018,1,Utilización ,0.00,
2018,1,Amortización ,-1.40,
2018,1,Otro Financiamientos,59.30,
2018,1,Flujo de Cuentas Por Pagar,-2028.00,
2018,1,Flujo de Depositos,720.00,
2018,1,PRODUCTO INTERNO BRUTO,572347.40,
2018,1,BALANCE GLOBAL NETO / PIB (%),0.26,
2017,12,INGRESOS TOTALES,110174.63,
2017,12,Ingresos Corrientes ,106351.65,
2017,12,Donaciones HIPC,2112.01,
2017,12,Donaciones,1198.57,
2017,12,Ingresos recibidos por intereses (ENEE),512.40,
2017,12,GASTO CORRIENTE,95915.81,
2017,12,Gasto de Consumo,55898.90,
2017,12,Sueldos y salarios,37731.56,
2017,12,Aportes Patronales,4729.81,
2017,12,Bienes y servicios,13437.53,
2017,12,Comisiones,1176.69,
2017,12,Internos,865.63,
2017,12,Externos,311.06,
2017,12,Intereses Deuda,13695.69,
2017,12,Internos,8602.30,
2017,12,Externos,5093.39,
2017,12,Transferencias,25144.53,
2017,12,AHORRO EN CUENTA CORRIENTE,10435.84,
2017,12,Gasto de Capital ,29030.80,
2017,12,Inversión,13792.71,
2017,12,Transferencias,15238.09,
2017,12,TOTAL GASTOS NETOS,124946.60,
2017,12,BALANCE ,-14771.98,
2017,12,FINANCIAMIENTO,14772.00,
2017,12,CRÉDITO EXTERNO NETO,19790.60,
2017,12,Desembolsos,25844.90,
2017,12,Amortización ,-6010.50,
2017,12,Transferencias Externas,173.50,
2017,12,Bono Cupón Cero,-217.30,
2017,12,CRÉDITO INTERNO NETO,-5018.60,
2017,12,Utilización ,24306.30,
2017,12,Amortización ,-20603.40,
2017,12,Otro Financiamientos,-7921.10,
2017,12,Flujo de Cuentas Por Pagar,-708.20,
2017,12,Flujo de Depositos,-92.20,
2017,12,PRODUCTO INTERNO BRUTO,542569.60,
2017,12,BALANCE GLOBAL NETO / PIB (%),-2.72,
2017,11,INGRESOS TOTALES,96953.91,
2017,11,Ingresos Corrientes ,94227.76,
2017,11,Donaciones HIPC,1839.77,
2017,11,Donaciones,886.38,
2017,11,Ingresos recibidos por intereses (ENEE),0.00,
2017,11,GASTO CORRIENTE,82256.02,
2017,11,Gasto de Consumo,46581.96,
2017,11,Sueldos y salarios,32465.72,
2017,11,Aportes Patronales,4077.60,
2017,11,Bienes y servicios,10038.65,
2017,11,Comisiones,1071.80,
2017,11,Internos,795.96,
2017,11,Externos,275.84,
2017,11,Intereses Deuda,12038.29,
2017,11,Internos,7833.74,
2017,11,Externos,4204.55,
2017,11,Transferencias,22563.97,
2017,11,AHORRO EN CUENTA CORRIENTE,11971.74,
2017,11,Gasto de Capital ,22700.78,
2017,11,Inversión,9993.67,
2017,11,Transferencias,12707.11,
2017,11,TOTAL GASTOS NETOS,104956.80,
2017,11,BALANCE ,-8002.89,
2017,11,FINANCIAMIENTO,8002.90,
2017,11,CRÉDITO EXTERNO NETO,21038.50,
2017,11,Desembolsos,25397.10,
2017,11,Amortización ,-4282.50,
2017,11,Transferencias Externas,141.20,
2017,11,Bono Cupón Cero,-217.30,
2017,11,CRÉDITO INTERNO NETO,-13035.60,
2017,11,Utilización ,14562.00,
2017,11,Amortización ,-15567.10,
2017,11,Otro Financiamientos,-9288.50,
2017,11,Flujo de Cuentas Por Pagar,-558.20,
2017,11,Flujo de Depositos,-2183.80,
2017,11,PRODUCTO INTERNO BRUTO,542569.60,
2017,11,BALANCE GLOBAL NETO / PIB (%),-1.48,
2017,10,INGRESOS TOTALES,89255.33,
2017,10,Ingresos Corrientes ,86727.35,
2017,10,Donaciones HIPC,1687.48,
2017,10,Donaciones,840.50,
2017,10,Ingresos recibidos por intereses (ENEE),0.00,
2017,10,GASTO CORRIENTE,73483.67,
2017,10,Gasto de Consumo,42069.82,
2017,10,Sueldos y salarios,29456.25,
2017,10,Aportes Patronales,3588.27,
2017,10,Bienes y servicios,9025.30,
2017,10,Comisiones,963.25,
2017,10,Internos,722.02,
2017,10,Externos,241.24,
2017,10,Intereses Deuda,10640.53,
2017,10,Internos,6822.13,
2017,10,Externos,3818.40,
2017,10,Transferencias,19810.06,
2017,10,AHORRO EN CUENTA CORRIENTE,13243.68,
2017,10,Gasto de Capital ,21371.90,
2017,10,Inversión,9082.33,
2017,10,Transferencias,12289.57,
2017,10,TOTAL GASTOS NETOS,94855.57,
2017,10,BALANCE ,-5600.24,
2017,10,FINANCIAMIENTO,5600.24,
2017,10,CRÉDITO EXTERNO NETO,20803.19,
2017,10,Desembolsos,24385.79,
2017,10,Amortización ,-3479.00,
2017,10,Transferencias Externas,113.70,
2017,10,Bono Cupón Cero,-217.31,
2017,10,CRÉDITO INTERNO NETO,-15202.95,
2017,10,Utilización ,12833.01,
2017,10,Amortización ,-13416.47,
2017,10,Otro Financiamientos,-8993.10,
2017,10,Flujo de Cuentas Por Pagar,-267.33,
2017,10,Flujo de Depositos,-5359.06,
2017,10,PRODUCTO INTERNO BRUTO,542569.60,
2017,10,BALANCE GLOBAL NETO / PIB (%),-1.03,
2017,9,INGRESOS TOTALES,82524.18,
2017,9,Ingresos Corrientes ,80503.81,
2017,9,Donaciones HIPC,1552.24,
2017,9,Donaciones,468.13,
2017,9,Ingresos recibidos por intereses (ENEE),0.00,
2017,9,GASTO CORRIENTE,67354.65,
2017,9,Gasto de Consumo,38191.24,
2017,9,Sueldos y salarios,26639.35,
2017,9,Aportes Patronales,3231.17,
2017,9,Bienes y servicios,8320.71,
2017,9,Comisiones,874.75,
2017,9,Internos,645.86,
2017,9,Externos,228.90,
2017,9,Intereses Deuda,10315.46,
2017,9,Internos,6618.59,
2017,9,Externos,3696.87,
2017,9,Transferencias,17973.21,
2017,9,AHORRO EN CUENTA CORRIENTE,13149.16,
2017,9,Gasto de Capital ,18450.23,
2017,9,Inversión,7992.58,
2017,9,Transferencias,10457.66,
2017,9,TOTAL GASTOS NETOS,85804.89,
2017,9,BALANCE ,-3280.71,
2017,9,FINANCIAMIENTO,3280.70,
2017,9,CRÉDITO EXTERNO NETO,19975.20,
2017,9,Desembolsos,23357.60,
2017,9,Amortización ,-3253.30,
2017,9,Transferencias Externas,88.20,
2017,9,Bono Cupón Cero,-217.30,
2017,9,CRÉDITO INTERNO NETO,-16694.50,
2017,9,Utilización ,12529.90,
2017,9,Amortización ,-13416.30,
2017,9,Otro Financiamientos,-8933.60,
2017,9,Flujo de Cuentas Por Pagar,-906.30,
2017,9,Flujo de Depositos,-5968.20,
2017,9,PRODUCTO INTERNO BRUTO,542569.60,
2017,9,BALANCE GLOBAL NETO / PIB (%),-0.60,
2017,8,INGRESOS TOTALES,68792.67,
2017,8,Ingresos Corrientes ,66975.77,
2017,8,Donaciones HIPC,1412.30,
2017,8,Donaciones,404.60,
2017,8,Ingresos recibidos por intereses (ENEE),0.00,
2017,8,GASTO CORRIENTE,59289.26,
2017,8,Gasto de Consumo,34067.97,
2017,8,Sueldos y salarios,23988.70,
2017,8,Aportes Patronales,2891.74,
2017,8,Bienes y servicios,7187.53,
2017,8,Comisiones,779.25,
2017,8,Internos,576.04,
2017,8,Externos,203.21,
2017,8,Intereses Deuda,8637.82,
2017,8,Internos,5569.81,
2017,8,Externos,3068.01,
2017,8,Transferencias,15804.22,
2017,8,AHORRO EN CUENTA CORRIENTE,7686.51,
2017,8,Gasto de Capital ,16159.27,
2017,8,Inversión,6841.26,
2017,8,Transferencias,9318.02,
2017,8,TOTAL GASTOS NETOS,75448.53,
2017,8,BALANCE ,-6655.86,
2017,8,FINANCIAMIENTO,6655.90,
2017,8,CRÉDITO EXTERNO NETO,18412.20,
2017,8,Desembolsos,21310.00,
2017,8,Amortización ,-2912.60,
2017,8,Transferencias Externas,122.10,
2017,8,Bono Cupón Cero,-107.30,
2017,8,CRÉDITO INTERNO NETO,-11756.30,
2017,8,Utilización ,9700.80,
2017,8,Amortización ,-11608.80,
2017,8,Otro Financiamientos,-9207.50,
2017,8,Flujo de Cuentas Por Pagar,116.00,
2017,8,Flujo de Depositos,-756.80,
2017,8,PRODUCTO INTERNO BRUTO,542569.60,
2017,8,BALANCE GLOBAL NETO / PIB (%),-1.23,
2017,7,INGRESOS TOTALES,60434.02,
2017,7,Ingresos Corrientes ,59053.78,
2017,7,Donaciones HIPC,1041.28,
2017,7,Donaciones,338.96,
2017,7,Ingresos recibidos por intereses (ENEE),0.00,
2017,7,GASTO CORRIENTE,50167.39,
2017,7,Gasto de Consumo,29585.06,
2017,7,Sueldos y salarios,21271.08,
2017,7,Aportes Patronales,2528.17,
2017,7,Bienes y servicios,5785.81,
2017,7,Comisiones,654.28,
2017,7,Internos,504.18,
2017,7,Externos,150.10,
2017,7,Intereses Deuda,7529.06,
2017,7,Internos,4640.02,
2017,7,Externos,2889.04,
2017,7,Transferencias,12398.99,
2017,7,AHORRO EN CUENTA CORRIENTE,8886.39,
2017,7,Gasto de Capital ,14077.47,
2017,7,Inversión,6013.15,
2017,7,Transferencias,8064.32,
2017,7,TOTAL GASTOS NETOS,64244.86,
2017,7,BALANCE ,-3810.84,
2017,7,FINANCIAMIENTO,3810.84,
2017,7,CRÉDITO EXTERNO NETO,17939.60,
2017,7,Desembolsos,20458.09,
2017,7,Amortización ,-2528.60,
2017,7,Transferencias Externas,117.40,
2017,7,Bono Cupón Cero,-107.28,
2017,7,CRÉDITO INTERNO NETO,-14128.76,
2017,7,Utilización ,9057.10,
2017,7,Amortización ,-11066.57,
2017,7,Otro Financiamientos,-9781.79,
2017,7,Flujo de Cuentas Por Pagar,-1122.56,
2017,7,Flujo de Depositos,-1214.95,
2017,7,PRODUCTO INTERNO BRUTO,542569.60,
2017,7,BALANCE GLOBAL NETO / PIB (%),-0.70,
2017,6,INGRESOS TOTALES,52858.96,
2017,6,Ingresos Corrientes ,51638.74,
2017,6,Donaciones HIPC,909.98,
2017,6,Donaciones,310.25,
2017,6,Ingresos recibidos por intereses (ENEE),0.00,
2017,6,GASTO CORRIENTE,42960.82,
2017,6,Gasto de Consumo,25714.89,
2017,6,Sueldos y salarios,18632.57,
2017,6,Aportes Patronales,2186.46,
2017,6,Bienes y servicios,4895.86,
2017,6,Comisiones,577.47,
2017,6,Internos,430.47,
2017,6,Externos,147.00,
2017,6,Intereses Deuda,6907.50,
2017,6,Internos,4127.90,
2017,6,Externos,2779.60,
2017,6,Transferencias,9760.96,
2017,6,AHORRO EN CUENTA CORRIENTE,8677.92,
2017,6,Gasto de Capital ,11391.04,
2017,6,Inversión,4455.43,
2017,6,Transferencias,6935.60,
2017,6,TOTAL GASTOS NETOS,54351.85,
2017,6,BALANCE ,-1492.89,
2017,6,FINANCIAMIENTO,1492.90,
2017,6,CRÉDITO EXTERNO NETO,17920.50,
2017,6,Desembolsos,20197.80,
2017,6,Amortización ,-2262.60,
2017,6,Transferencias Externas,92.60,
2017,6,Bono Cupón Cero,-107.30,
2017,6,CRÉDITO INTERNO NETO,-16427.60,
2017,6,Utilización ,5536.70,
2017,6,Amortización ,-6099.50,
2017,6,Otro Financiamientos,-10344.10,
2017,6,Flujo de Cuentas Por Pagar,-342.00,
2017,6,Flujo de Depositos,-5178.70,
2017,6,PRODUCTO INTERNO BRUTO,542569.60,
2017,6,BALANCE GLOBAL NETO / PIB (%),-0.28,
2017,5,INGRESOS TOTALES,41422.28,
2017,5,Ingresos Corrientes ,40494.99,
2017,5,Donaciones HIPC,663.88,
2017,5,Donaciones,263.41,
2017,5,Ingresos recibidos por intereses (ENEE),0.00,
2017,5,GASTO CORRIENTE,31654.80,
2017,5,Gasto de Consumo,19072.04,
2017,5,Sueldos y salarios,13509.45,
2017,5,Aportes Patronales,1691.58,
2017,5,Bienes y servicios,3871.00,
2017,5,Comisiones,471.00,
2017,5,Internos,357.85,
2017,5,Externos,113.15,
2017,5,Intereses Deuda,4721.66,
2017,5,Internos,3334.80,
2017,5,Externos,1386.86,
2017,5,Transferencias,7390.10,
2017,5,AHORRO EN CUENTA CORRIENTE,8840.19,
2017,5,Gasto de Capital ,8515.76,
2017,5,Inversión,2770.90,
2017,5,Transferencias,5744.85,
2017,5,TOTAL GASTOS NETOS,40170.55,
2017,5,BALANCE ,1251.73,
2017,5,FINANCIAMIENTO,-1251.70,
2017,5,CRÉDITO EXTERNO NETO,15825.40,
2017,5,Desembolsos,17666.50,
2017,5,Amortización ,-1821.20,
2017,5,Transferencias Externas,87.40,
2017,5,Bono Cupón Cero,-107.30,
2017,5,CRÉDITO INTERNO NETO,-17077.10,
2017,5,Utilización ,4489.90,
2017,5,Amortización ,-5963.60,
2017,5,Otro Financiamientos,-10859.00,
2017,5,Flujo de Cuentas Por Pagar,-991.50,
2017,5,Flujo de Depositos,-3752.90,
2017,5,PRODUCTO INTERNO BRUTO,542569.60,
2017,5,BALANCE GLOBAL NETO / PIB (%),0.23,
2017,4,INGRESOS TOTALES,33989.43,
2017,4,Ingresos Corrientes ,33286.38,
2017,4,Donaciones HIPC,517.18,
2017,4,Donaciones,185.87,
2017,4,Ingresos recibidos por intereses (ENEE),0.00,
2017,4,GASTO CORRIENTE,25217.89,
2017,4,Gasto de Consumo,15166.27,
2017,4,Sueldos y salarios,10971.63,
2017,4,Aportes Patronales,1313.68,
2017,4,Bienes y servicios,2880.97,
2017,4,Comisiones,376.40,
2017,4,Internos,278.13,
2017,4,Externos,98.28,
2017,4,Intereses Deuda,3673.92,
2017,4,Internos,2645.99,
2017,4,Externos,1027.93,
2017,4,Transferencias,6001.29,
2017,4,AHORRO EN CUENTA CORRIENTE,8068.49,
2017,4,Gasto de Capital ,5989.51,
2017,4,Inversión,1759.71,
2017,4,Transferencias,4229.80,
2017,4,TOTAL GASTOS NETOS,31207.40,
2017,4,BALANCE ,2782.03,
2017,4,FINANCIAMIENTO,-2782.00,
2017,4,CRÉDITO EXTERNO NETO,16001.40,
2017,4,Desembolsos,17137.30,
2017,4,Amortización ,-998.50,
2017,4,Transferencias Externas,-30.10,
2017,4,Bono Cupón Cero,-107.30,
2017,4,CRÉDITO INTERNO NETO,-18783.40,
2017,4,Utilización ,4350.80,
2017,4,Amortización ,-5963.50,
2017,4,Otro Financiamientos,-10852.20,
2017,4,Flujo de Cuentas Por Pagar,-1135.70,
2017,4,Flujo de Depositos,-5182.80,
2017,4,PRODUCTO INTERNO BRUTO,542569.60,
2017,4,BALANCE GLOBAL NETO / PIB (%),0.51,
2017,3,INGRESOS TOTALES,21599.78,
2017,3,Ingresos Corrientes ,21035.14,
2017,3,Donaciones HIPC,388.00,
2017,3,Donaciones,176.65,
2017,3,Ingresos recibidos por intereses (ENEE),0.00,
2017,3,GASTO CORRIENTE,19422.30,
2017,3,Gasto de Consumo,11524.23,
2017,3,Sueldos y salarios,8409.12,
2017,3,Aportes Patronales,962.14,
2017,3,Bienes y servicios,2152.97,
2017,3,Comisiones,295.82,
2017,3,Internos,214.35,
2017,3,Externos,81.47,
2017,3,Intereses Deuda,3306.64,
2017,3,Internos,2402.33,
2017,3,Externos,904.30,
2017,3,Transferencias,4295.61,
2017,3,AHORRO EN CUENTA CORRIENTE,1612.84,
2017,3,Gasto de Capital ,4560.40,
2017,3,Inversión,1239.61,
2017,3,Transferencias,3320.79,
2017,3,TOTAL GASTOS NETOS,23982.69,
2017,3,BALANCE ,-2382.91,
2017,3,FINANCIAMIENTO,2382.90,
2017,3,CRÉDITO EXTERNO NETO,16149.90,
2017,3,Desembolsos,17068.00,
2017,3,Amortización ,-795.60,
2017,3,Transferencias Externas,-15.20,
2017,3,Bono Cupón Cero,-107.30,
2017,3,CRÉDITO INTERNO NETO,-13767.00,
2017,3,Utilización ,1239.10,
2017,3,Amortización ,-4581.90,
2017,3,Otro Financiamientos,-9792.30,
2017,3,Flujo de Cuentas Por Pagar,-978.30,
2017,3,Flujo de Depositos,346.40,
2017,3,PRODUCTO INTERNO BRUTO,542569.60,
2017,3,BALANCE GLOBAL NETO / PIB (%),-0.44,
2017,2,INGRESOS TOTALES,13856.02,
2017,2,Ingresos Corrientes ,13567.34,
2017,2,Donaciones HIPC,195.77,
2017,2,Donaciones,92.91,
2017,2,Ingresos recibidos por intereses (ENEE),0.00,
2017,2,GASTO CORRIENTE,11463.21,
2017,2,Gasto de Consumo,7238.79,
2017,2,Sueldos y salarios,5653.72,
2017,2,Aportes Patronales,511.52,
2017,2,Bienes y servicios,1073.55,
2017,2,Comisiones,197.01,
2017,2,Internos,143.52,
2017,2,Externos,53.48,
2017,2,Intereses Deuda,1590.69,
2017,2,Internos,1304.20,
2017,2,Externos,286.48,
2017,2,Transferencias,2436.73,
2017,2,AHORRO EN CUENTA CORRIENTE,2104.13,
2017,2,Gasto de Capital ,3043.55,
2017,2,Inversión,774.16,
2017,2,Transferencias,2269.39,
2017,2,TOTAL GASTOS NETOS,14506.76,
2017,2,BALANCE ,-650.74,
2017,2,FINANCIAMIENTO,650.70,
2017,2,CRÉDITO EXTERNO NETO,16262.80,
2017,2,Desembolsos,16771.80,
2017,2,Amortización ,-484.60,
2017,2,Transferencias Externas,-24.40,
2017,2,Bono Cupón Cero,0.00,
2017,2,CRÉDITO INTERNO NETO,-15612.10,
2017,2,Utilización ,1065.10,
2017,2,Amortización ,-4581.60,
2017,2,Otro Financiamientos,-6996.60,
2017,2,Flujo de Cuentas Por Pagar,-1212.20,
2017,2,Flujo de Depositos,-3886.80,
2017,2,PRODUCTO INTERNO BRUTO,542569.60,
2017,2,BALANCE GLOBAL NETO / PIB (%),-0.12,
2017,1,INGRESOS TOTALES,7241.64,
2017,1,Ingresos Corrientes ,7105.14,
2017,1,Donaciones HIPC,63.89,
2017,1,Donaciones,72.61,
2017,1,Ingresos recibidos por intereses (ENEE),0.00,
2017,1,GASTO CORRIENTE,5013.64,
2017,1,Gasto de Consumo,3358.64,
2017,1,Sueldos y salarios,2950.72,
2017,1,Aportes Patronales,83.69,
2017,1,Bienes y servicios,324.22,
2017,1,Comisiones,75.77,
2017,1,Internos,73.13,
2017,1,Externos,2.64,
2017,1,Intereses Deuda,684.33,
2017,1,Internos,531.12,
2017,1,Externos,153.20,
2017,1,Transferencias,894.91,
2017,1,AHORRO EN CUENTA CORRIENTE,2091.50,
2017,1,Gasto de Capital ,1538.95,
2017,1,Inversión,508.37,
2017,1,Transferencias,1030.58,
2017,1,TOTAL GASTOS NETOS,6552.59,
2017,1,BALANCE ,689.05,
2017,1,FINANCIAMIENTO,-689.00,
2017,1,CRÉDITO EXTERNO NETO,16427.40,
2017,1,Desembolsos,16632.70,
2017,1,Amortización ,-184.00,
2017,1,Transferencias Externas,-21.30,
2017,1,Bono Cupón Cero,0.00,
2017,1,CRÉDITO INTERNO NETO,-17116.40,
2017,1,Utilización ,0.00,
2017,1,Amortización ,-1.40,
2017,1,Otro Financiamientos,797.50,
2017,1,Flujo de Cuentas Por Pagar,-2087.20,
2017,1,Flujo de Depositos,-15825.30,
2017,1,PRODUCTO INTERNO BRUTO,542569.60,
2017,1,BALANCE GLOBAL NETO / PIB (%),0.13,
2016,12,INGRESOS TOTALES,99388.59,
2016,12,Ingresos Corrientes ,95637.19,
2016,12,Donaciones HIPC,2050.67,
2016,12,Donaciones,1700.73,
2016,12,Ingresos de Capital,0.00,
2016,12,GASTO CORRIENTE,88132.21,
2016,12,Gasto de Consumo,53331.55,
2016,12,Sueldos y salarios,35403.06,
2016,12,Aportes Patronales,4304.82,
2016,12,Bienes y servicios,13623.67,
2016,12,Comisiones,1091.31,
2016,12,Internos,757.60,
2016,12,Externos,333.71,
2016,12,Intereses Deuda,11875.08,
2016,12,Internos,7545.81,
2016,12,Externos,4329.28,
2016,12,Transferencias,21834.26,
2016,12,AHORRO EN CUENTA CORRIENTE,7504.98,
2016,12,Gasto de Capital ,24849.71,
2016,12,Inversión,9853.02,
2016,12,Transferencias,14996.70,
2016,12,TOTAL GASTOS NETOS,112981.93,
2016,12,BALANCE ,-13593.34,
2016,12,FINANCIAMIENTO,13593.31,
2016,12,CRÉDITO EXTERNO NETO,3585.04,
2016,12,Desembolsos,7494.71,
2016,12,Amortización ,-3930.80,
2016,12,Transferencias Externas,220.70,
2016,12,Bono Cupón Cero,-199.56,
2016,12,CRÉDITO INTERNO NETO,10008.27,
2016,12,Utilización ,21605.49,
2016,12,Amortización ,-10266.66,
2016,12,Otro Financiamientos,-2589.56,
2016,12,Concesión Neta,70.33,
2016,12,Flujo de Cuentas Por Pagar,-3302.99,
2016,12,Flujo de Depositos,4491.66,
2016,12,PRODUCTO INTERNO BRUTO,495921.90,
2016,12,BALANCE GLOBAL NETO / PIB (%),-2.74,
2016,11,INGRESOS TOTALES,88003.66,
2016,11,Ingresos Corrientes ,85120.00,
2016,11,Donaciones HIPC,1732.32,
2016,11,Donaciones,1151.33,
2016,11,Ingresos de Capital,0.00,
2016,11,GASTO CORRIENTE,75427.10,
2016,11,Gasto de Consumo,45723.10,
2016,11,Sueldos y salarios,30457.46,
2016,11,Aportes Patronales,3685.02,
2016,11,Bienes y servicios,11580.63,
2016,11,Comisiones,992.65,
2016,11,Internos,692.49,
2016,11,Externos,300.16,
2016,11,Intereses Deuda,10417.46,
2016,11,Internos,6939.22,
2016,11,Externos,3478.24,
2016,11,Transferencias,18293.89,
2016,11,AHORRO EN CUENTA CORRIENTE,9692.90,
2016,11,Gasto de Capital ,20785.84,
2016,11,Inversión,9435.19,
2016,11,Transferencias,11350.64,
2016,11,TOTAL GASTOS NETOS,96212.94,
2016,11,BALANCE ,-8209.28,
2016,11,FINANCIAMIENTO,8209.32,
2016,11,CRÉDITO EXTERNO NETO,1450.08,
2016,11,Desembolsos,5021.75,
2016,11,Amortización ,-3530.80,
2016,11,Transferencias Externas,158.70,
2016,11,Bono Cupón Cero,-199.56,
2016,11,CRÉDITO INTERNO NETO,6759.23,
2016,11,Utilización ,11154.05,
2016,11,Amortización ,-7258.43,
2016,11,Otro Financiamientos,1795.98,
2016,11,Concesión Neta,0.00,
2016,11,Flujo de Cuentas Por Pagar,-1351.46,
2016,11,Flujo de Depositos,2419.10,
2016,11,PRODUCTO INTERNO BRUTO,495921.90,
2016,11,BALANCE GLOBAL NETO / PIB (%),-1.66,
2016,10,INGRESOS TOTALES,80410.65,
2016,10,Ingresos Corrientes ,77896.28,
2016,10,Donaciones HIPC,1570.00,
2016,10,Donaciones,944.36,
2016,10,Ingresos de Capital,0.00,
2016,10,GASTO CORRIENTE,67877.89,
2016,10,Gasto de Consumo,40829.07,
2016,10,Sueldos y salarios,27277.46,
2016,10,Aportes Patronales,3270.85,
2016,10,Bienes y servicios,10280.77,
2016,10,Comisiones,899.32,
2016,10,Internos,627.65,
2016,10,Externos,271.67,
2016,10,Intereses Deuda,9526.09,
2016,10,Internos,6408.54,
2016,10,Externos,3117.56,
2016,10,Transferencias,16623.40,
2016,10,AHORRO EN CUENTA CORRIENTE,10018.39,
2016,10,Gasto de Capital ,18384.60,
2016,10,Inversión,8265.02,
2016,10,Transferencias,10119.57,
2016,10,TOTAL GASTOS NETOS,86262.49,
2016,10,BALANCE ,-5851.84,
2016,10,FINANCIAMIENTO,5851.84,
2016,10,CRÉDITO EXTERNO NETO,1535.37,
2016,10,Desembolsos,4427.93,
2016,10,Amortización ,-2804.90,
2016,10,Transferencias Externas,111.90,
2016,10,Bono Cupón Cero,-199.56,
2016,10,CRÉDITO INTERNO NETO,4316.47,
2016,10,Utilización ,10951.46,
2016,10,Amortización ,-7250.84,
2016,10,Otro Financiamientos,1046.29,
2016,10,Concesión Neta,0.00,
2016,10,Flujo de Cuentas Por Pagar,-973.00,
2016,10,Flujo de Depositos,542.58,
2016,10,PRODUCTO INTERNO BRUTO,495921.90,
2016,10,BALANCE GLOBAL NETO / PIB (%),-1.18,
2016,9,INGRESOS TOTALES,73793.41,
2016,9,Ingresos Corrientes ,71510.77,
2016,9,Donaciones HIPC,1407.13,
2016,9,Donaciones,875.51,
2016,9,Ingresos de Capital,0.00,
2016,9,GASTO CORRIENTE,61792.50,
2016,9,Gasto de Consumo,36843.08,
2016,9,Sueldos y salarios,24705.83,
2016,9,Aportes Patronales,2985.11,
2016,9,Bienes y servicios,9152.14,
2016,9,Comisiones,806.47,
2016,9,Internos,563.61,
2016,9,Externos,242.86,
2016,9,Intereses Deuda,9113.26,
2016,9,Internos,6099.78,
2016,9,Externos,3013.47,
2016,9,Transferencias,15029.70,
2016,9,AHORRO EN CUENTA CORRIENTE,9718.27,
2016,9,Gasto de Capital ,16159.20,
2016,9,Inversión,6993.11,
2016,9,Transferencias,9166.08,
2016,9,TOTAL GASTOS NETOS,77951.70,
2016,9,BALANCE ,-4158.29,
2016,9,FINANCIAMIENTO,4158.30,
2016,9,CRÉDITO EXTERNO NETO,1171.30,
2016,9,Desembolsos,3870.60,
2016,9,Amortización ,-2611.20,
2016,9,Transferencias Externas,111.50,
2016,9,Bono Cupón Cero,-199.60,
2016,9,CRÉDITO INTERNO NETO,2987.00,
2016,9,Utilización ,10306.30,
2016,9,Amortización ,-7250.70,
2016,9,Otro Financiamientos,1261.40,
2016,9,Concesión Neta,0.00,
2016,9,Flujo de Cuentas Por Pagar,-432.70,
2016,9,Flujo de Depositos,-897.30,
2016,9,PRODUCTO INTERNO BRUTO,495921.90,
2016,9,BALANCE GLOBAL NETO / PIB (%),-0.84,
2016,8,INGRESOS TOTALES,63184.40,
2016,8,Ingresos Corrientes ,61167.44,
2016,8,Donaciones HIPC,1256.06,
2016,8,Donaciones,760.90,
2016,8,Ingresos de Capital,0.00,
2016,8,GASTO CORRIENTE,53144.32,
2016,8,Gasto de Consumo,32657.76,
2016,8,Sueldos y salarios,22226.73,
2016,8,Aportes Patronales,2587.62,
2016,8,Bienes y servicios,7843.41,
2016,8,Comisiones,711.51,
2016,8,Internos,499.26,
2016,8,Externos,212.25,
2016,8,Intereses Deuda,7404.70,
2016,8,Internos,4998.60,
2016,8,Externos,2406.10,
2016,8,Transferencias,12370.35,
2016,8,AHORRO EN CUENTA CORRIENTE,8023.12,
2016,8,Gasto de Capital ,13879.52,
2016,8,Inversión,5843.13,
2016,8,Transferencias,8036.39,
2016,8,TOTAL GASTOS NETOS,67023.84,
2016,8,BALANCE ,-3839.44,
2016,8,FINANCIAMIENTO,3839.44,
2016,8,CRÉDITO EXTERNO NETO,358.66,
2016,8,Desembolsos,2641.21,
2016,8,Amortización ,-2327.30,
2016,8,Transferencias Externas,142.20,
2016,8,Bono Cupón Cero,-97.45,
2016,8,CRÉDITO INTERNO NETO,3480.78,
2016,8,Utilización ,9311.82,
2016,8,Amortización ,-6123.12,
2016,8,Otro Financiamientos,771.99,
2016,8,Concesión Neta,0.00,
2016,8,Flujo de Cuentas Por Pagar,-840.16,
2016,8,Flujo de Depositos,360.25,
2016,8,PRODUCTO INTERNO BRUTO,495921.90,
2016,8,BALANCE GLOBAL NETO / PIB (%),-0.77,
2016,7,INGRESOS TOTALES,56043.86,
2016,7,Ingresos Corrientes ,54221.35,
2016,7,Donaciones HIPC,1093.70,
2016,7,Donaciones,728.82,
2016,7,Ingresos de Capital,0.00,
2016,7,GASTO CORRIENTE,46234.39,
2016,7,Gasto de Consumo,28876.28,
2016,7,Sueldos y salarios,19688.78,
2016,7,Aportes Patronales,2291.96,
2016,7,Bienes y servicios,6895.54,
2016,7,Comisiones,602.03,
2016,7,Internos,433.55,
2016,7,Externos,168.48,
2016,7,Intereses Deuda,6565.58,
2016,7,Internos,4330.87,
2016,7,Externos,2234.71,
2016,7,Transferencias,10190.50,
2016,7,AHORRO EN CUENTA CORRIENTE,7986.95,
2016,7,Gasto de Capital ,11908.35,
2016,7,Inversión,5001.33,
2016,7,Transferencias,6907.02,
2016,7,TOTAL GASTOS NETOS,58142.74,
2016,7,BALANCE ,-2098.88,
2016,7,FINANCIAMIENTO,2098.88,
2016,7,CRÉDITO EXTERNO NETO,169.38,
2016,7,Desembolsos,2258.83,
2016,7,Amortización ,-2129.20,
2016,7,Transferencias Externas,137.20,
2016,7,Bono Cupón Cero,-97.45,
2016,7,CRÉDITO INTERNO NETO,1929.50,
2016,7,Utilización ,6940.43,
2016,7,Amortización ,-4663.42,
2016,7,Otro Financiamientos,1037.07,
2016,7,Concesión Neta,0.00,
2016,7,Flujo de Cuentas Por Pagar,-1174.90,
2016,7,Flujo de Depositos,-209.68,
2016,7,PRODUCTO INTERNO BRUTO,495921.90,
2016,7,BALANCE GLOBAL NETO / PIB (%),-0.42,
2016,6,INGRESOS TOTALES,49426.43,
2016,6,Ingresos Corrientes ,47797.78,
2016,6,Donaciones HIPC,961.34,
2016,6,Donaciones,667.32,
2016,6,Ingresos de Capital,0.00,
2016,6,GASTO CORRIENTE,39966.98,
2016,6,Gasto de Consumo,25102.93,
2016,6,Sueldos y salarios,17017.14,
2016,6,Aportes Patronales,2079.34,
2016,6,Bienes y servicios,6006.45,
2016,6,Comisiones,533.16,
2016,6,Internos,371.94,
2016,6,Externos,161.22,
2016,6,Intereses Deuda,5819.87,
2016,6,Internos,3692.66,
2016,6,Externos,2127.21,
2016,6,Transferencias,8511.01,
2016,6,AHORRO EN CUENTA CORRIENTE,7830.80,
2016,6,Gasto de Capital ,10285.02,
2016,6,Inversión,4380.90,
2016,6,Transferencias,5904.11,
2016,6,TOTAL GASTOS NETOS,50251.99,
2016,6,BALANCE ,-825.56,
2016,6,FINANCIAMIENTO,825.62,
2016,6,CRÉDITO EXTERNO NETO,185.17,
2016,6,Desembolsos,2023.06,
2016,6,Amortización ,-1859.64,
2016,6,Transferencias Externas,119.15,
2016,6,Bono Cupón Cero,-97.40,
2016,6,CRÉDITO INTERNO NETO,640.45,
2016,6,Utilización ,5887.75,
2016,6,Amortización ,-2093.00,
2016,6,Otro Financiamientos,985.10,
2016,6,Concesión Neta,0.00,
2016,6,Flujo de Cuentas Por Pagar,-754.20,
2016,6,Flujo de Depositos,-3385.20,
2016,6,PRODUCTO INTERNO BRUTO,495921.90,
2016,6,BALANCE GLOBAL NETO / PIB (%),-0.17,
2016,5,INGRESOS TOTALES,38509.51,
2016,5,Ingresos Corrientes ,37298.36,
2016,5,Donaciones HIPC,705.41,
2016,5,Donaciones,505.74,
2016,5,Ingresos de Capital,0.00,
2016,5,GASTO CORRIENTE,29060.76,
2016,5,Gasto de Consumo,17787.32,
2016,5,Sueldos y salarios,12661.00,
2016,5,Aportes Patronales,1485.29,
2016,5,Bienes y servicios,3641.03,
2016,5,Comisiones,432.88,
2016,5,Internos,307.73,
2016,5,Externos,125.15,
2016,5,Intereses Deuda,4324.59,
2016,5,Internos,3009.56,
2016,5,Externos,1315.03,
2016,5,Transferencias,6515.97,
2016,5,AHORRO EN CUENTA CORRIENTE,8237.60,
2016,5,Gasto de Capital ,7961.05,
2016,5,Inversión,3219.52,
2016,5,Transferencias,4741.53,
2016,5,TOTAL GASTOS NETOS,37021.81,
2016,5,BALANCE ,1487.70,
2016,5,FINANCIAMIENTO,-1487.68,
2016,5,CRÉDITO EXTERNO NETO,-633.48,
2016,5,Desembolsos,914.96,
2016,5,Amortización ,-1537.04,
2016,5,Transferencias Externas,86.00,
2016,5,Bono Cupón Cero,-97.40,
2016,5,CRÉDITO INTERNO NETO,-854.20,
2016,5,Utilización ,5812.20,
2016,5,Amortización ,-2083.70,
2016,5,Otro Financiamientos,817.00,
2016,5,Concesión Neta,0.00,
2016,5,Flujo de Cuentas Por Pagar,-2231.50,
2016,5,Flujo de Depositos,-3168.20,
2016,5,PRODUCTO INTERNO BRUTO,495921.90,
2016,5,BALANCE GLOBAL NETO / PIB (%),0.30,
2016,4,INGRESOS TOTALES,31344.43,
2016,4,Ingresos Corrientes ,30836.52,
2016,4,Donaciones HIPC,72.54,
2016,4,Donaciones,435.37,
2016,4,Ingresos de Capital,0.00,
2016,4,GASTO CORRIENTE,23192.48,
2016,4,Gasto de Consumo,14268.44,
2016,4,Sueldos y salarios,10107.58,
2016,4,Aportes Patronales,1201.24,
2016,4,Bienes y servicios,2959.61,
2016,4,Comisiones,338.56,
2016,4,Internos,241.72,
2016,4,Externos,96.84,
2016,4,Intereses Deuda,3533.80,
2016,4,Internos,2576.03,
2016,4,Externos,957.77,
2016,4,Transferencias,5051.68,
2016,4,AHORRO EN CUENTA CORRIENTE,7644.04,
2016,4,Gasto de Capital ,5582.97,
2016,4,Inversión,1755.45,
2016,4,Transferencias,3827.52,
2016,4,TOTAL GASTOS NETOS,28775.45,
2016,4,BALANCE ,2568.98,
2016,4,FINANCIAMIENTO,-2568.99,
2016,4,CRÉDITO EXTERNO NETO,-303.29,
2016,4,Desembolsos,622.65,
2016,4,Amortización ,-859.44,
2016,4,Transferencias Externas,30.90,
2016,4,Bono Cupón Cero,-97.40,
2016,4,CRÉDITO INTERNO NETO,-2265.70,
2016,4,Utilización ,3768.00,
2016,4,Amortización ,-1687.90,
2016,4,Otro Financiamientos,720.80,
2016,4,Concesión Neta,0.00,
2016,4,Flujo de Cuentas Por Pagar,-2822.20,
2016,4,Flujo de Depositos,-2244.40,
2016,4,PRODUCTO INTERNO BRUTO,495921.90,
2016,4,BALANCE GLOBAL NETO / PIB (%),0.52,
2016,3,INGRESOS TOTALES,19698.71,
2016,3,Ingresos Corrientes ,19272.75,
2016,3,Donaciones HIPC,72.54,
2016,3,Donaciones,353.42,
2016,3,Ingresos de Capital,0.00,
2016,3,GASTO CORRIENTE,17861.58,
2016,3,Gasto de Consumo,10525.89,
2016,3,Sueldos y salarios,7540.68,
2016,3,Aportes Patronales,922.73,
2016,3,Bienes y servicios,2062.48,
2016,3,Comisiones,254.50,
2016,3,Internos,182.56,
2016,3,Externos,71.93,
2016,3,Intereses Deuda,3052.58,
2016,3,Internos,2231.48,
2016,3,Externos,821.10,
2016,3,Transferencias,4028.61,
2016,3,AHORRO EN CUENTA CORRIENTE,1411.17,
2016,3,Gasto de Capital ,3971.53,
2016,3,Inversión,1100.25,
2016,3,Transferencias,2871.29,
2016,3,TOTAL GASTOS NETOS,21833.12,
2016,3,BALANCE ,-2134.41,
2016,3,FINANCIAMIENTO,2134.40,
2016,3,CRÉDITO EXTERNO NETO,-388.60,
2016,3,Desembolsos,344.20,
2016,3,Amortización ,-664.40,
2016,3,Transferencias Externas,29.00,
2016,3,Bono Cupón Cero,-97.40,
2016,3,CRÉDITO INTERNO NETO,2523.00,
2016,3,Utilización ,2233.80,
2016,3,Amortización ,-1280.40,
2016,3,Otro Financiamientos,258.90,
2016,3,Concesión Neta,0.00,
2016,3,Flujo de Cuentas Por Pagar,-1559.40,
2016,3,Flujo de Depositos,2870.10,
2016,3,PRODUCTO INTERNO BRUTO,495921.90,
2016,3,BALANCE GLOBAL NETO / PIB (%),-0.43,
2016,2,INGRESOS TOTALES,13048.96,
2016,2,Ingresos Corrientes ,12692.82,
2016,2,Donaciones HIPC,67.00,
2016,2,Donaciones,289.14,
2016,2,Ingresos de Capital,0.00,
2016,2,GASTO CORRIENTE,10905.66,
2016,2,Gasto de Consumo,6930.08,
2016,2,Sueldos y salarios,5100.13,
2016,2,Aportes Patronales,519.63,
2016,2,Bienes y servicios,1310.32,
2016,2,Comisiones,167.99,
2016,2,Internos,121.55,
2016,2,Externos,46.44,
2016,2,Intereses Deuda,1337.15,
2016,2,Internos,1091.07,
2016,2,Externos,246.07,
2016,2,Transferencias,2470.45,
2016,2,AHORRO EN CUENTA CORRIENTE,1787.16,
2016,2,Gasto de Capital ,2274.39,
2016,2,Inversión,408.03,
2016,2,Transferencias,1866.36,
2016,2,TOTAL GASTOS NETOS,13180.05,
2016,2,BALANCE ,-131.09,
2016,2,FINANCIAMIENTO,131.10,
2016,2,CRÉDITO EXTERNO NETO,-139.40,
2016,2,Desembolsos,195.90,
2016,2,Amortización ,-364.00,
2016,2,Transferencias Externas,28.70,
2016,2,Bono Cupón Cero,0.00,
2016,2,CRÉDITO INTERNO NETO,270.50,
2016,2,Utilización ,1334.90,
2016,2,Amortización ,-1280.00,
2016,2,Otro Financiamientos,353.80,
2016,2,Concesión Neta,0.00,
2016,2,Flujo de Cuentas Por Pagar,-1210.20,
2016,2,Flujo de Depositos,1072.00,
2016,2,PRODUCTO INTERNO BRUTO,495921.90,
2016,2,BALANCE GLOBAL NETO / PIB (%),-0.03,
2016,1,INGRESOS TOTALES,6646.87,
2016,1,Ingresos Corrientes ,6635.93,
2016,1,Donaciones HIPC,4.67,
2016,1,Donaciones,6.27,
2016,1,Ingresos de Capital,0.00,
2016,1,GASTO CORRIENTE,4754.64,
2016,1,Gasto de Consumo,3021.24,
2016,1,Sueldos y salarios,2538.51,
2016,1,Aportes Patronales,148.16,
2016,1,Bienes y servicios,334.56,
2016,1,Comisiones,66.85,
2016,1,Internos,57.86,
2016,1,Externos,8.99,
2016,1,Intereses Deuda,713.92,
2016,1,Internos,611.89,
2016,1,Externos,102.03,
2016,1,Transferencias,952.63,
2016,1,AHORRO EN CUENTA CORRIENTE,1881.29,
2016,1,Gasto de Capital ,1024.23,
2016,1,Inversión,111.11,
2016,1,Transferencias,913.12,
2016,1,TOTAL GASTOS NETOS,5778.87,
2016,1,BALANCE ,868.00,
2016,1,FINANCIAMIENTO,-868.00,
2016,1,CRÉDITO EXTERNO NETO,-133.00,
2016,1,Desembolsos,53.60,
2016,1,Amortización ,-207.00,
2016,1,Transferencias Externas,20.40,
2016,1,Bono Cupón Cero,0.00,
2016,1,CRÉDITO INTERNO NETO,-735.00,
2016,1,Utilización ,630.00,
2016,1,Amortización ,-673.40,
2016,1,Otro Financiamientos,-18.30,
2016,1,Concesión Neta,0.00,
2016,1,Flujo de Cuentas Por Pagar,-1965.90,
2016,1,Flujo de Depositos,1292.60,
2016,1,PRODUCTO INTERNO BRUTO,495921.90,
2016,1,BALANCE GLOBAL NETO / PIB (%),0.18,
2015,12,INGRESOS TOTALES,88225.81,
2015,12,Ingresos Corrientes ,84119.09,
2015,12,Donaciones HIPC,2030.74,
2015,12,Donaciones,2075.98,
2015,12,Ingresos de Capital,0.00,
2015,12,GASTO CORRIENTE,81013.20,
2015,12,Gasto de Consumo,52205.30,
2015,12,Sueldos y salarios,34253.00,
2015,12,Aportes Patronales,4187.90,
2015,12,Bienes y servicios,13764.40,
2015,12,Comisiones,902.90,
2015,12,Internos,663.80,
2015,12,Externos,239.20,
2015,12,Intereses Deuda,11219.60,
2015,12,Internos,7299.20,
2015,12,Externos,3920.40,
2015,12,Transferencias,16685.40,
2015,12,AHORRO EN CUENTA CORRIENTE,3105.89,
2015,12,Gasto de Capital y Prestamos Netos,20954.30,
2015,12,Inversión,8729.20,
2015,12,Inversión Financiera ,0.00,
2015,12,Transferencias,12225.00,
2015,12,TOTAL GASTOS NETOS,101967.50,
2015,12,BALANCE ,-13741.69,
2015,12,FINANCIAMIENTO,13741.70,
2015,12,CRÉDITO EXTERNO NETO,8581.00,
2015,12,Desembolsos,11352.60,
2015,12,Amortización ,-2806.80,
2015,12,Transferencias Externas,215.50,
2015,12,Bono Cupón Cero,-180.30,
2015,12,CRÉDITO INTERNO NETO,5160.70,
2015,12,Utilización ,29678.20,
2015,12,Amortización ,-24813.10,
2015,12,Otro Financiamientos,2621.80,
2015,12,Flujo de Cuentas Por Pagar,-854.40,
2015,12,Flujo de Depositos,-1471.80,
2015,12,PRODUCTO INTERNO BRUTO,460405.20,
2015,12,BALANCE GLOBAL NETO / PIB (%),-2.98,
2015,11,INGRESOS TOTALES,78053.54,
2015,11,Ingresos Corrientes ,74684.47,
2015,11,Donaciones HIPC,1562.10,
2015,11,Donaciones,1806.97,
2015,11,Ingresos de Capital,0.00,
2015,11,GASTO CORRIENTE,66861.77,
2015,11,Gasto de Consumo,41885.64,
2015,11,Sueldos y salarios,3376.71,
2015,11,Aportes Patronales,29463.39,
2015,11,Bienes y servicios,9045.55,
2015,11,Comisiones,807.30,
2015,11,Internos,606.49,
2015,11,Externos,200.81,
2015,11,Intereses Deuda,9671.80,
2015,11,Internos,6521.94,
2015,11,Externos,3149.86,
2015,11,Transferencias,14497.02,
2015,11,AHORRO EN CUENTA CORRIENTE,7822.70,
2015,11,Gasto de Capital y Prestamos Netos,16020.89,
2015,11,Inversión,6426.79,
2015,11,Inversión Financiera ,0.00,
2015,11,Transferencias,9594.10,
2015,11,TOTAL GASTOS NETOS,82882.66,
2015,11,BALANCE ,-4829.12,
2015,11,FINANCIAMIENTO,4829.10,
2015,11,CRÉDITO EXTERNO NETO,3918.20,
2015,11,Desembolsos,6377.30,
2015,11,Amortización ,-2430.60,
2015,11,Transferencias Externas,151.80,
2015,11,Bono Cupón Cero,-180.30,
2015,11,CRÉDITO INTERNO NETO,910.90,
2015,11,Utilización ,25311.30,
2015,11,Amortización ,-21734.10,
2015,11,Otro Financiamientos,1361.50,
2015,11,Flujo de Cuentas Por Pagar,-3014.80,
2015,11,Flujo de Depositos,-1013.00,
2015,11,PRODUCTO INTERNO BRUTO,460405.20,
2015,11,BALANCE GLOBAL NETO / PIB (%),-1.05,
2015,10,INGRESOS TOTALES,70963.40,
2015,10,Ingresos Corrientes ,68335.48,
2015,10,Donaciones HIPC,1297.44,
2015,10,Donaciones,1330.48,
2015,10,Ingresos de Capital,0.00,
2015,10,GASTO CORRIENTE,60179.63,
2015,10,Gasto de Consumo,37459.51,
2015,10,Sueldos y salarios,26288.09,
2015,10,Aportes Patronales,3067.24,
2015,10,Bienes y servicios,8104.18,
2015,10,Comisiones,735.83,
2015,10,Internos,549.11,
2015,10,Externos,186.72,
2015,10,Intereses Deuda,9029.41,
2015,10,Internos,6210.38,
2015,10,Externos,2819.03,
2015,10,Transferencias,12954.89,
2015,10,AHORRO EN CUENTA CORRIENTE,8155.85,
2015,10,Gasto de Capital y Prestamos Netos,13828.54,
2015,10,Inversión,5202.06,
2015,10,Inversión Financiera ,0.00,
2015,10,Transferencias,8626.47,
2015,10,TOTAL GASTOS NETOS,74008.17,
2015,10,BALANCE ,-3044.77,
2015,10,FINANCIAMIENTO,3044.80,
2015,10,CRÉDITO EXTERNO NETO,3204.70,
2015,10,Desembolsos,5341.70,
2015,10,Amortización ,-2068.70,
2015,10,Transferencias Externas,112.00,
2015,10,Bono Cupón Cero,-180.30,
2015,10,CRÉDITO INTERNO NETO,-159.90,
2015,10,Utilización ,24396.30,
2015,10,Amortización ,-20771.00,
2015,10,Otro Financiamientos,986.10,
2015,10,Flujo de Cuentas Por Pagar,-3282.90,
2015,10,Flujo de Depositos,-1488.40,
2015,10,PRODUCTO INTERNO BRUTO,460405.20,
2015,10,BALANCE GLOBAL NETO / PIB (%),-0.66,
2015,9,INGRESOS TOTALES,64674.33,
2015,9,Ingresos Corrientes ,62298.81,
2015,9,Donaciones HIPC,1164.07,
2015,9,Donaciones,1211.46,
2015,9,Ingresos de Capital,0.00,
2015,9,GASTO CORRIENTE,54967.13,
2015,9,Gasto de Consumo,33890.25,
2015,9,Sueldos y salarios,23880.89,
2015,9,Aportes Patronales,2741.59,
2015,9,Bienes y servicios,7267.77,
2015,9,Comisiones,663.67,
2015,9,Internos,492.22,
2015,9,Externos,171.44,
2015,9,Intereses Deuda,8523.15,
2015,9,Internos,5830.89,
2015,9,Externos,2692.26,
2015,9,Transferencias,11890.07,
2015,9,AHORRO EN CUENTA CORRIENTE,7331.67,
2015,9,Gasto de Capital y Prestamos Netos,12269.04,
2015,9,Inversión,4629.10,
2015,9,Inversión Financiera ,0.00,
2015,9,Transferencias,7639.94,
2015,9,TOTAL GASTOS NETOS,67236.18,
2015,9,BALANCE ,-2561.84,
2015,9,FINANCIAMIENTO,2561.80,
2015,9,CRÉDITO EXTERNO NETO,3061.90,
2015,9,Desembolsos,5017.40,
2015,9,Amortización ,-1890.10,
2015,9,Transferencias Externas,114.90,
2015,9,Bono Cupón Cero,-180.30,
2015,9,CRÉDITO INTERNO NETO,-500.10,
2015,9,Utilización ,20294.60,
2015,9,Amortización ,-17229.70,
2015,9,Otro Financiamientos,969.20,
2015,9,Flujo de Cuentas Por Pagar,-2900.70,
2015,9,Flujo de Depositos,-1633.50,
2015,9,PRODUCTO INTERNO BRUTO,460405.20,
2015,9,BALANCE GLOBAL NETO / PIB (%),-0.56,
2015,8,INGRESOS TOTALES,55773.05,
2015,8,Ingresos Corrientes ,53329.54,
2015,8,Donaciones HIPC,1318.22,
2015,8,Donaciones,1125.29,
2015,8,Ingresos de Capital,0.00,
2015,8,GASTO CORRIENTE,48345.55,
2015,8,Gasto de Consumo,30131.13,
2015,8,Sueldos y salarios,21427.93,
2015,8,Aportes Patronales,2461.34,
2015,8,Bienes y servicios,6241.85,
2015,8,Comisiones,586.25,
2015,8,Internos,435.38,
2015,8,Externos,150.87,
2015,8,Intereses Deuda,6985.83,
2015,8,Internos,4853.42,
2015,8,Externos,2132.41,
2015,8,Transferencias,10642.35,
2015,8,AHORRO EN CUENTA CORRIENTE,4983.99,
2015,8,Gasto de Capital y Prestamos Netos,11000.93,
2015,8,Inversión,4374.18,
2015,8,Inversión Financiera ,0.00,
2015,8,Transferencias,6626.75,
2015,8,TOTAL GASTOS NETOS,59346.48,
2015,8,BALANCE ,-3573.43,
2015,8,FINANCIAMIENTO,3573.40,
2015,8,CRÉDITO EXTERNO NETO,3056.50,
2015,8,Desembolsos,4663.50,
2015,8,Amortización ,-1630.10,
2015,8,Transferencias Externas,111.70,
2015,8,Bono Cupón Cero,-88.60,
2015,8,CRÉDITO INTERNO NETO,516.90,
2015,8,Utilización ,16754.40,
2015,8,Amortización ,-14150.60,
2015,8,Otro Financiamientos,1048.20,
2015,8,Flujo de Cuentas Por Pagar,-2121.30,
2015,8,Flujo de Depositos,-1013.80,
2015,8,PRODUCTO INTERNO BRUTO,460405.20,
2015,8,BALANCE GLOBAL NETO / PIB (%),-0.78,
2015,7,INGRESOS TOTALES,49033.75,
2015,7,Ingresos Corrientes ,46841.62,
2015,7,Donaciones HIPC,1096.66,
2015,7,Donaciones,1095.46,
2015,7,Ingresos de Capital,0.00,
2015,7,GASTO CORRIENTE,41442.45,
2015,7,Gasto de Consumo,26553.69,
2015,7,Sueldos y salarios,18987.22,
2015,7,Aportes Patronales,2173.12,
2015,7,Bienes y servicios,5393.35,
2015,7,Comisiones,493.71,
2015,7,Internos,379.82,
2015,7,Externos,113.90,
2015,7,Intereses Deuda,6206.67,
2015,7,Internos,4191.61,
2015,7,Externos,2015.06,
2015,7,Transferencias,8188.38,
2015,7,AHORRO EN CUENTA CORRIENTE,5399.17,
2015,7,Gasto de Capital y Prestamos Netos,9305.72,
2015,7,Inversión,3596.72,
2015,7,Inversión Financiera ,0.00,
2015,7,Transferencias,5709.00,
2015,7,TOTAL GASTOS NETOS,50748.17,
2015,7,BALANCE ,-1714.42,
2015,7,FINANCIAMIENTO,1714.40,
2015,7,CRÉDITO EXTERNO NETO,3042.30,
2015,7,Desembolsos,4500.10,
2015,7,Amortización ,-1441.10,
2015,7,Transferencias Externas,71.90,
2015,7,Bono Cupón Cero,-88.60,
2015,7,CRÉDITO INTERNO NETO,-1327.90,
2015,7,Utilización ,10425.10,
2015,7,Amortización ,-8559.80,
2015,7,Otro Financiamientos,724.80,
2015,7,Flujo de Cuentas Por Pagar,-1882.60,
2015,7,Flujo de Depositos,-2035.40,
2015,7,PRODUCTO INTERNO BRUTO,460405.20,
2015,7,BALANCE GLOBAL NETO / PIB (%),-0.37,
2015,6,INGRESOS TOTALES,42530.45,
2015,6,Ingresos Corrientes ,40747.75,
2015,6,Donaciones HIPC,884.05,
2015,6,Donaciones,898.65,
2015,6,Ingresos de Capital,0.00,
2015,6,GASTO CORRIENTE,35672.82,
2015,6,Gasto de Consumo,22664.13,
2015,6,Sueldos y salarios,16521.34,
2015,6,Aportes Patronales,1868.91,
2015,6,Bienes y servicios,4273.89,
2015,6,Comisiones,433.67,
2015,6,Internos,324.74,
2015,6,Externos,108.93,
2015,6,Intereses Deuda,5368.02,
2015,6,Internos,3459.95,
2015,6,Externos,1908.08,
2015,6,Transferencias,7206.99,
2015,6,AHORRO EN CUENTA CORRIENTE,5074.93,
2015,6,Gasto de Capital y Prestamos Netos,7564.36,
2015,6,Inversión,2824.43,
2015,6,Inversión Financiera ,0.00,
2015,6,Transferencias,4739.93,
2015,6,TOTAL GASTOS NETOS,43237.17,
2015,6,BALANCE ,-706.73,
2015,6,FINANCIAMIENTO,706.70,
2015,6,CRÉDITO EXTERNO NETO,2829.80,
2015,6,Desembolsos,4085.80,
2015,6,Amortización ,-1239.20,
2015,6,Transferencias Externas,71.80,
2015,6,Bono Cupón Cero,-88.60,
2015,6,CRÉDITO INTERNO NETO,-2123.10,
2015,6,Utilización ,8043.40,
2015,6,Amortización ,-6474.60,
2015,6,Otro Financiamientos,402.50,
2015,6,Flujo de Cuentas Por Pagar,-1405.70,
2015,6,Flujo de Depositos,-2688.70,
2015,6,PRODUCTO INTERNO BRUTO,460405.20,
2015,6,BALANCE GLOBAL NETO / PIB (%),-0.15,
2015,5,INGRESOS TOTALES,33508.90,
2015,5,Ingresos Corrientes ,32268.28,
2015,5,Donaciones HIPC,588.00,
2015,5,Donaciones,652.62,
2015,5,Ingresos de Capital,0.00,
2015,5,GASTO CORRIENTE,26612.33,
2015,5,Gasto de Consumo,16877.54,
2015,5,Sueldos y salarios,12164.79,
2015,5,Aportes Patronales,1364.75,
2015,5,Bienes y servicios,3348.00,
2015,5,Comisiones,348.22,
2015,5,Internos,267.53,
2015,5,Externos,80.69,
2015,5,Intereses Deuda,3937.10,
2015,5,Internos,2763.03,
2015,5,Externos,1174.07,
2015,5,Transferencias,5449.47,
2015,5,AHORRO EN CUENTA CORRIENTE,5655.94,
2015,5,Gasto de Capital y Prestamos Netos,5898.18,
2015,5,Inversión,2119.86,
2015,5,Inversión Financiera ,0.00,
2015,5,Transferencias,3778.32,
2015,5,TOTAL GASTOS NETOS,32510.52,
2015,5,BALANCE ,998.38,
2015,5,FINANCIAMIENTO,-998.40,
2015,5,CRÉDITO EXTERNO NETO,2513.80,
2015,5,Desembolsos,3502.70,
2015,5,Amortización ,-972.00,
2015,5,Transferencias Externas,71.70,
2015,5,Bono Cupón Cero,-88.60,
2015,5,CRÉDITO INTERNO NETO,-3512.20,
2015,5,Utilización ,7748.60,
2015,5,Amortización ,-6465.40,
2015,5,Otro Financiamientos,64.60,
2015,5,Flujo de Cuentas Por Pagar,-1372.30,
2015,5,Flujo de Depositos,-3487.70,
2015,5,PRODUCTO INTERNO BRUTO,460405.20,
2015,5,BALANCE GLOBAL NETO / PIB (%),0.22,
2015,4,INGRESOS TOTALES,27307.29,
2015,4,Ingresos Corrientes ,26671.85,
2015,4,Donaciones HIPC,414.98,
2015,4,Donaciones,220.47,
2015,4,Ingresos de Capital,0.00,
2015,4,GASTO CORRIENTE,21060.19,
2015,4,Gasto de Consumo,13685.51,
2015,4,Sueldos y salarios,9712.62,
2015,4,Aportes Patronales,1082.26,
2015,4,Bienes y servicios,2890.62,
2015,4,Comisiones,282.40,
2015,4,Internos,215.59,
2015,4,Externos,66.81,
2015,4,Intereses Deuda,3328.78,
2015,4,Internos,2455.73,
2015,4,Externos,873.05,
2015,4,Transferencias,3763.51,
2015,4,AHORRO EN CUENTA CORRIENTE,5611.66,
2015,4,Gasto de Capital y Prestamos Netos,5507.36,
2015,4,Inversión,1889.50,
2015,4,Inversión Financiera ,0.00,
2015,4,Transferencias,3617.86,
2015,4,TOTAL GASTOS NETOS,26567.54,
2015,4,BALANCE ,739.75,
2015,4,FINANCIAMIENTO,-739.80,
2015,4,CRÉDITO EXTERNO NETO,460.80,
2015,4,Desembolsos,1116.70,
2015,4,Amortización ,-616.70,
2015,4,Transferencias Externas,49.40,
2015,4,Bono Cupón Cero,-88.60,
2015,4,CRÉDITO INTERNO NETO,-1200.60,
2015,4,Utilización ,3128.60,
2015,4,Amortización ,-2097.60,
2015,4,Otro Financiamientos,300.50,
2015,4,Flujo de Cuentas Por Pagar,-1473.60,
2015,4,Flujo de Depositos,-1058.50,
2015,4,PRODUCTO INTERNO BRUTO,460405.20,
2015,4,BALANCE GLOBAL NETO / PIB (%),0.16,
2015,3,INGRESOS TOTALES,17664.15,
2015,3,Ingresos Corrientes ,17259.35,
2015,3,Donaciones HIPC,267.84,
2015,3,Donaciones,136.97,
2015,3,Ingresos de Capital,0.00,
2015,3,GASTO CORRIENTE,16057.11,
2015,3,Gasto de Consumo,10401.85,
2015,3,Sueldos y salarios,7319.12,
2015,3,Aportes Patronales,757.51,
2015,3,Bienes y servicios,2325.21,
2015,3,Comisiones,215.37,
2015,3,Internos,161.31,
2015,3,Externos,54.06,
2015,3,Intereses Deuda,2714.18,
2015,3,Internos,1943.80,
2015,3,Externos,770.38,
2015,3,Transferencias,2725.71,
2015,3,AHORRO EN CUENTA CORRIENTE,1202.24,
2015,3,Gasto de Capital y Prestamos Netos,4038.82,
2015,3,Inversión,1335.22,
2015,3,Inversión Financiera ,0.00,
2015,3,Transferencias,2703.60,
2015,3,TOTAL GASTOS NETOS,20095.93,
2015,3,BALANCE ,-2431.78,
2015,3,FINANCIAMIENTO,2431.80,
2015,3,CRÉDITO EXTERNO NETO,402.30,
2015,3,Desembolsos,927.80,
2015,3,Amortización ,-484.70,
2015,3,Transferencias Externas,47.80,
2015,3,Bono Cupón Cero,-88.60,
2015,3,CRÉDITO INTERNO NETO,2029.50,
2015,3,Utilización ,2100.90,
2015,3,Amortización ,-1531.00,
2015,3,Otro Financiamientos,319.50,
2015,3,Flujo de Cuentas Por Pagar,-1694.70,
2015,3,Flujo de Depositos,2834.80,
2015,3,PRODUCTO INTERNO BRUTO,460405.20,
2015,3,BALANCE GLOBAL NETO / PIB (%),-0.53,
2015,2,INGRESOS TOTALES,11482.33,
2015,2,Ingresos Corrientes ,11199.61,
2015,2,Donaciones HIPC,173.11,
2015,2,Donaciones,109.60,
2015,2,Ingresos de Capital,0.00,
2015,2,GASTO CORRIENTE,10924.22,
2015,2,Gasto de Consumo,7113.16,
2015,2,Sueldos y salarios,4960.86,
2015,2,Aportes Patronales,377.40,
2015,2,Bienes y servicios,1774.89,
2015,2,Comisiones,129.03,
2015,2,Internos,99.19,
2015,2,Externos,29.84,
2015,2,Intereses Deuda,1675.57,
2015,2,Internos,1474.79,
2015,2,Externos,200.79,
2015,2,Transferencias,2006.46,
2015,2,AHORRO EN CUENTA CORRIENTE,275.39,
2015,2,Gasto de Capital y Prestamos Netos,2269.34,
2015,2,Inversión,605.88,
2015,2,Inversión Financiera ,0.00,
2015,2,Transferencias,1663.45,
2015,2,TOTAL GASTOS NETOS,13193.56,
2015,2,BALANCE ,-1711.23,
2015,2,FINANCIAMIENTO,1711.20,
2015,2,CRÉDITO EXTERNO NETO,67.00,
2015,2,Desembolsos,360.00,
2015,2,Amortización ,-332.60,
2015,2,Transferencias Externas,39.60,
2015,2,Bono Cupón Cero,0.00,
2015,2,CRÉDITO INTERNO NETO,1644.20,
2015,2,Utilización ,646.80,
2015,2,Amortización ,-505.50,
2015,2,Otro Financiamientos,249.40,
2015,2,Flujo de Cuentas Por Pagar,-603.30,
2015,2,Flujo de Depositos,1856.80,
2015,2,PRODUCTO INTERNO BRUTO,460405.20,
2015,2,BALANCE GLOBAL NETO / PIB (%),-0.37,
2015,1,INGRESOS TOTALES,5815.73,
2015,1,Ingresos Corrientes ,5761.43,
2015,1,Donaciones HIPC,45.18,
2015,1,Donaciones,9.11,
2015,1,Ingresos de Capital,0.00,
2015,1,GASTO CORRIENTE,5161.42,
2015,1,Gasto de Consumo,3452.19,
2015,1,Sueldos y salarios,2465.72,
2015,1,Aportes Patronales,67.17,
2015,1,Bienes y servicios,919.31,
2015,1,Comisiones,63.59,
2015,1,Internos,53.41,
2015,1,Externos,10.18,
2015,1,Intereses Deuda,753.50,
2015,1,Internos,649.27,
2015,1,Externos,104.23,
2015,1,Transferencias,892.14,
2015,1,AHORRO EN CUENTA CORRIENTE,600.01,
2015,1,Gasto de Capital y Prestamos Netos,1251.59,
2015,1,Inversión,459.33,
2015,1,Inversión Financiera ,0.00,
2015,1,Transferencias,792.26,
2015,1,TOTAL GASTOS NETOS,6413.02,
2015,1,BALANCE ,-597.29,
2015,1,FINANCIAMIENTO,597.30,
2015,1,CRÉDITO EXTERNO NETO,-100.70,
2015,1,Desembolsos,59.30,
2015,1,Amortización ,-191.10,
2015,1,Transferencias Externas,31.10,
2015,1,Bono Cupón Cero,0.00,
2015,1,CRÉDITO INTERNO NETO,698.00,
2015,1,Utilización ,646.80,
2015,1,Amortización ,-505.20,
2015,1,Otro Financiamientos,77.40,
2015,1,Flujo de Cuentas Por Pagar,-219.60,
2015,1,Flujo de Depositos,698.60,
2015,1,PRODUCTO INTERNO BRUTO,460405.20,
2015,1,BALANCE GLOBAL NETO / PIB (%),-0.13,
2014,12,INGRESOS TOTALES,76768.21,
2014,12,Ingresos Corrientes ,73555.21,
2014,12,Donaciones HIPC,1923.06,
2014,12,Donaciones,1289.94,
2014,12,Ingresos de Capital,0.00,
2014,12,GASTO CORRIENTE,73504.01,
2014,12,Gasto de Consumo,47293.95,
2014,12,Sueldos y salarios,33392.91,
2014,12,Aportes Patronales,3745.19,
2014,12,Bienes y servicios,10155.85,
2014,12,Comisiones,813.98,
2014,12,Internos,546.95,
2014,12,Externos,267.03,
2014,12,Intereses Deuda,9390.84,
2014,12,Internos,5951.64,
2014,12,Externos,3439.20,
2014,12,Transferencias,16005.24,
2014,12,AHORRO EN CUENTA CORRIENTE,51.21,
2014,12,Gasto de Capital y Prestamos Netos,21264.53,
2014,12,Inversión,8470.06,
2014,12,Inversión Financiera ,0.00,
2014,12,Transferencias,12794.47,
2014,12,TOTAL GASTOS NETOS,94768.54,
2014,12,BALANCE ,-18000.32,
2014,12,FINANCIAMIENTO,18000.32,
2014,12,CRÉDITO INTERNO NETO,7838.22,
2014,12,Utilización ,21568.77,
2014,12,Menos Amortización ,13730.55,
2014,12,CRÉDITO EXTERNO NETO,10589.88,
2014,12,Desembolsos,12637.52,
2014,12,Menos Amortización ,2047.64,
2014,12,TRANSFERENCIAS EXTERNAS,1930.16,
2014,12,UTILIZACIÓN DE DEPÓSITOS,-6024.70,
2014,12,FLUJO DE CUENTAS POR PAGAR,-10766.27,
2014,12,VARIACIÓN DE EFECTIVO,14433.03,
2014,12,PRODUCTO INTERNO BRUTO,409138.00,
2014,12,BALANCE GLOBAL NETO / PIB (%),-4.40,
2014,11,INGRESOS TOTALES,67623.33,
2014,11,Ingresos Corrientes ,65320.06,
2014,11,Donaciones HIPC,1488.55,
2014,11,Donaciones,814.72,
2014,11,Ingresos de Capital,0.00,
2014,11,GASTO CORRIENTE,62712.59,
2014,11,Gasto de Consumo,39194.15,
2014,11,Sueldos y salarios,28903.16,
2014,11,Aportes Patronales,3144.36,
2014,11,Bienes y servicios,7146.63,
2014,11,Comisiones,735.18,
2014,11,Internos,497.76,
2014,11,Externos,237.42,
2014,11,Intereses Deuda,8287.53,
2014,11,Internos,5549.68,
2014,11,Externos,2737.85,
2014,11,Transferencias,14495.73,
2014,11,AHORRO EN CUENTA CORRIENTE,2607.47,
2014,11,Gasto de Capital y Prestamos Netos,15309.39,
2014,11,Inversión,6001.06,
2014,11,Inversión Financiera ,0.00,
2014,11,Transferencias,9308.33,
2014,11,TOTAL GASTOS NETOS,78021.98,
2014,11,BALANCE ,-10398.65,
2014,11,FINANCIAMIENTO,10398.65,
2014,11,CRÉDITO INTERNO NETO,1449.52,
2014,11,Utilización ,9816.17,
2014,11,Menos Amortización ,8366.65,
2014,11,CRÉDITO EXTERNO NETO,3547.90,
2014,11,Desembolsos,5351.66,
2014,11,Menos Amortización ,1803.76,
2014,11,TRANSFERENCIAS EXTERNAS,1488.56,
2014,11,UTILIZACIÓN DE DEPÓSITOS,1754.74,
2014,11,FLUJO DE CUENTAS POR PAGAR,-8935.54,
2014,11,VARIACIÓN DE EFECTIVO,11093.48,
2014,11,PRODUCTO INTERNO BRUTO,409138.00,
2014,11,BALANCE GLOBAL NETO / PIB (%),-2.54,
2014,10,INGRESOS TOTALES,61955.35,
2014,10,Ingresos Corrientes ,59846.71,
2014,10,Donaciones HIPC,1344.50,
2014,10,Donaciones,764.14,
2014,10,Ingresos de Capital,0.00,
2014,10,GASTO CORRIENTE,56837.13,
2014,10,Gasto de Consumo,34838.90,
2014,10,Sueldos y salarios,25839.78,
2014,10,Aportes Patronales,2813.91,
2014,10,Bienes y servicios,6185.21,
2014,10,Comisiones,669.81,
2014,10,Internos,452.01,
2014,10,Externos,217.80,
2014,10,Intereses Deuda,7870.98,
2014,10,Internos,5359.18,
2014,10,Externos,2511.80,
2014,10,Transferencias,13457.45,
2014,10,AHORRO EN CUENTA CORRIENTE,3009.58,
2014,10,Gasto de Capital y Prestamos Netos,12057.30,
2014,10,Inversión,3971.80,
2014,10,Inversión Financiera ,0.00,
2014,10,Transferencias,8085.50,
2014,10,TOTAL GASTOS NETOS,68894.43,
2014,10,BALANCE ,-6939.08,
2014,10,FINANCIAMIENTO,6939.08,
2014,10,CRÉDITO INTERNO NETO,1444.76,
2014,10,Utilización ,9746.89,
2014,10,Menos Amortización ,8302.13,
2014,10,CRÉDITO EXTERNO NETO,2460.10,
2014,10,Desembolsos,3943.04,
2014,10,Menos Amortización ,1482.94,
2014,10,TRANSFERENCIAS EXTERNAS,1344.54,
2014,10,UTILIZACIÓN DE DEPÓSITOS,1242.78,
2014,10,FLUJO DE CUENTAS POR PAGAR,-8072.27,
2014,10,VARIACIÓN DE EFECTIVO,8519.17,
2014,10,PRODUCTO INTERNO BRUTO,409138.00,
2014,10,BALANCE GLOBAL NETO / PIB (%),-1.70,
2014,9,INGRESOS TOTALES,56120.23,
2014,9,Ingresos Corrientes ,54361.33,
2014,9,Donaciones HIPC,1177.70,
2014,9,Donaciones,581.20,
2014,9,Ingresos de Capital,0.00,
2014,9,GASTO CORRIENTE,51444.29,
2014,9,Gasto de Consumo,31343.48,
2014,9,Sueldos y salarios,23392.94,
2014,9,Aportes Patronales,2542.30,
2014,9,Bienes y servicios,5408.24,
2014,9,Comisiones,574.35,
2014,9,Internos,404.94,
2014,9,Externos,169.41,
2014,9,Intereses Deuda,7266.32,
2014,9,Internos,2412.96,
2014,9,Externos,4853.36,
2014,9,Transferencias,12260.14,
2014,9,AHORRO EN CUENTA CORRIENTE,2917.04,
2014,9,Gasto de Capital y Prestamos Netos,10562.89,
2014,9,Inversión,3560.89,
2014,9,Inversión Financiera ,0.00,
2014,9,Transferencias,7002.00,
2014,9,TOTAL GASTOS NETOS,62007.18,
2014,9,BALANCE ,-5886.95,
2014,9,FINANCIAMIENTO,5886.95,
2014,9,CRÉDITO INTERNO NETO,1490.84,
2014,9,Utilización ,8864.78,
2014,9,Menos Amortización ,7373.94,
2014,9,CRÉDITO EXTERNO NETO,2218.02,
2014,9,Desembolsos,3559.29,
2014,9,Menos Amortización ,1341.27,
2014,9,TRANSFERENCIAS EXTERNAS,1177.65,
2014,9,UTILIZACIÓN DE DEPÓSITOS,902.91,
2014,9,FLUJO DE CUENTAS POR PAGAR,-7972.04,
2014,9,VARIACIÓN DE EFECTIVO,8069.57,
2014,9,PRODUCTO INTERNO BRUTO,409138.00,
2014,9,BALANCE GLOBAL NETO / PIB (%),-1.44,
2014,8,INGRESOS TOTALES,47946.45,
2014,8,Ingresos Corrientes ,46395.28,
2014,8,Donaciones HIPC,1073.65,
2014,8,Donaciones,477.52,
2014,8,Ingresos de Capital,0.00,
2014,8,GASTO CORRIENTE,45220.77,
2014,8,Gasto de Consumo,27994.08,
2014,8,Sueldos y salarios,21066.52,
2014,8,Aportes Patronales,2189.04,
2014,8,Bienes y servicios,4738.52,
2014,8,Comisiones,502.31,
2014,8,Internos,356.26,
2014,8,Externos,146.05,
2014,8,Intereses Deuda,6172.15,
2014,8,Internos,1863.15,
2014,8,Externos,4309.00,
2014,8,Transferencias,10552.24,
2014,8,AHORRO EN CUENTA CORRIENTE,1174.52,
2014,8,Gasto de Capital y Prestamos Netos,8791.91,
2014,8,Inversión,2855.92,
2014,8,Inversión Financiera ,0.00,
2014,8,Transferencias,5935.98,
2014,8,TOTAL GASTOS NETOS,54012.68,
2014,8,BALANCE ,-6066.23,
2014,8,FINANCIAMIENTO,6066.23,
2014,8,CRÉDITO INTERNO NETO,1387.03,
2014,8,Utilización ,7736.57,
2014,8,Menos Amortización ,6349.54,
2014,8,CRÉDITO EXTERNO NETO,2092.00,
2014,8,Desembolsos,3361.06,
2014,8,Menos Amortización ,1269.06,
2014,8,TRANSFERENCIAS EXTERNAS,1073.65,
2014,8,UTILIZACIÓN DE DEPÓSITOS,89.38,
2014,8,FLUJO DE CUENTAS POR PAGAR,-7550.05,
2014,8,VARIACIÓN DE EFECTIVO,8974.23,
2014,8,PRODUCTO INTERNO BRUTO,409138.00,
2014,8,BALANCE GLOBAL NETO / PIB (%),-1.48,
2014,7,INGRESOS TOTALES,42347.51,
2014,7,Ingresos Corrientes ,41045.33,
2014,7,Donaciones HIPC,888.44,
2014,7,Donaciones,413.74,
2014,7,Ingresos de Capital,0.00,
2014,7,GASTO CORRIENTE,39395.53,
2014,7,Gasto de Consumo,24645.64,
2014,7,Sueldos y salarios,18650.64,
2014,7,Aportes Patronales,1915.50,
2014,7,Bienes y servicios,4079.50,
2014,7,Comisiones,429.09,
2014,7,Internos,311.10,
2014,7,Externos,117.99,
2014,7,Intereses Deuda,5294.10,
2014,7,Internos,3550.80,
2014,7,Externos,1743.30,
2014,7,Transferencias,9026.70,
2014,7,AHORRO EN CUENTA CORRIENTE,1649.80,
2014,7,Gasto de Capital y Prestamos Netos,7961.12,
2014,7,Inversión,2550.10,
2014,7,Inversión Financiera ,0.00,
2014,7,Transferencias,5411.02,
2014,7,TOTAL GASTOS NETOS,47356.65,
2014,7,BALANCE ,-5009.14,
2014,7,FINANCIAMIENTO,5009.14,
2014,7,CRÉDITO INTERNO NETO,1048.10,
2014,7,Utilización ,6755.40,
2014,7,Menos Amortización ,5707.30,
2014,7,CRÉDITO EXTERNO NETO,1750.72,
2014,7,Desembolsos,2848.02,
2014,7,Menos Amortización ,1097.30,
2014,7,TRANSFERENCIAS EXTERNAS,888.40,
2014,7,UTILIZACIÓN DE DEPÓSITOS,225.58,
2014,7,FLUJO DE CUENTAS POR PAGAR,-6978.88,
2014,7,VARIACIÓN DE EFECTIVO,8075.22,
2014,7,PRODUCTO INTERNO BRUTO,409138.00,
2014,7,BALANCE GLOBAL NETO / PIB (%),-1.22,
2014,6,INGRESOS TOTALES,36629.48,
2014,6,Ingresos Corrientes ,35488.68,
2014,6,Donaciones HIPC,805.40,
2014,6,Donaciones,335.40,
2014,6,Ingresos de Capital,0.00,
2014,6,GASTO CORRIENTE,34361.60,
2014,6,Gasto de Consumo,21239.50,
2014,6,Sueldos y salarios,17206.70,
2014,6,Aportes Patronales,738.20,
2014,6,Bienes y servicios,3294.60,
2014,6,Comisiones,371.70,
2014,6,Internos,265.30,
2014,6,Externos,106.40,
2014,6,Intereses Deuda,4603.20,
2014,6,Internos,2942.40,
2014,6,Externos,1660.80,
2014,6,Transferencias,8147.20,
2014,6,AHORRO EN CUENTA CORRIENTE,1127.08,
2014,6,Gasto de Capital y Prestamos Netos,6633.50,
2014,6,Inversión,2215.20,
2014,6,Inversión Financiera ,0.00,
2014,6,Transferencias,4418.30,
2014,6,TOTAL GASTOS NETOS,40995.10,
2014,6,BALANCE ,-4365.62,
2014,6,FINANCIAMIENTO,4365.62,
2014,6,CRÉDITO INTERNO NETO,-583.00,
2014,6,Utilización ,4446.70,
2014,6,Menos Amortización ,5029.70,
2014,6,CRÉDITO EXTERNO NETO,1730.90,
2014,6,Desembolsos,2693.30,
2014,6,Menos Amortización ,962.40,
2014,6,TRANSFERENCIAS EXTERNAS,805.40,
2014,6,UTILIZACIÓN DE DEPÓSITOS,-61.50,
2014,6,FLUJO DE CUENTAS POR PAGAR,-2742.50,
2014,6,VARIACIÓN DE EFECTIVO,5216.32,
2014,6,PRODUCTO INTERNO BRUTO,409138.00,
2014,6,BALANCE GLOBAL NETO / PIB (%),-1.07,
2014,5,INGRESOS TOTALES,28733.68,
2014,5,Ingresos Corrientes ,27987.18,
2014,5,Donaciones HIPC,578.50,
2014,5,Donaciones,168.00,
2014,5,Ingresos de Capital,0.00,
2014,5,GASTO CORRIENTE,26631.18,
2014,5,Gasto de Consumo,16327.54,
2014,5,Sueldos y salarios,13168.04,
2014,5,Aportes Patronales,533.60,
2014,5,Bienes y servicios,2625.90,
2014,5,Comisiones,305.70,
2014,5,Internos,220.40,
2014,5,Externos,85.30,
2014,5,Intereses Deuda,3527.44,
2014,5,Internos,2531.74,
2014,5,Externos,995.70,
2014,5,Transferencias,6470.50,
2014,5,AHORRO EN CUENTA CORRIENTE,1356.00,
2014,5,Gasto de Capital y Prestamos Netos,4596.88,
2014,5,Inversión,1518.64,
2014,5,Inversión Financiera ,0.00,
2014,5,Transferencias,3078.24,
2014,5,TOTAL GASTOS NETOS,31228.06,
2014,5,BALANCE ,-2494.38,
2014,5,FINANCIAMIENTO,2494.38,
2014,5,CRÉDITO INTERNO NETO,-353.70,
2014,5,Utilización ,4663.00,
2014,5,Menos Amortización ,5016.70,
2014,5,CRÉDITO EXTERNO NETO,1402.51,
2014,5,Desembolsos,2157.75,
2014,5,Menos Amortización ,755.24,
2014,5,TRANSFERENCIAS EXTERNAS,578.20,
2014,5,UTILIZACIÓN DE DEPÓSITOS,-528.20,
2014,5,FLUJO DE CUENTAS POR PAGAR,-1094.70,
2014,5,VARIACIÓN DE EFECTIVO,2490.27,
2014,5,PRODUCTO INTERNO BRUTO,409138.00,
2014,5,BALANCE GLOBAL NETO / PIB (%),-0.61,
2014,4,INGRESOS TOTALES,22754.48,
2014,4,Ingresos Corrientes ,22182.20,
2014,4,Donaciones HIPC,458.64,
2014,4,Donaciones,113.64,
2014,4,Ingresos de Capital,0.00,
2014,4,GASTO CORRIENTE,20821.30,
2014,4,Gasto de Consumo,12725.45,
2014,4,Sueldos y salarios,9969.15,
2014,4,Aportes Patronales,929.90,
2014,4,Bienes y servicios,1826.40,
2014,4,Comisiones,244.70,
2014,4,Internos,175.60,
2014,4,Externos,69.10,
2014,4,Intereses Deuda,3114.55,
2014,4,Internos,2338.15,
2014,4,Externos,776.40,
2014,4,Transferencias,4736.60,
2014,4,AHORRO EN CUENTA CORRIENTE,1360.90,
2014,4,Gasto de Capital y Prestamos Netos,3404.70,
2014,4,Inversión,1190.00,
2014,4,Inversión Financiera ,0.00,
2014,4,Transferencias,2214.70,
2014,4,TOTAL GASTOS NETOS,24226.00,
2014,4,BALANCE ,-1471.52,
2014,4,FINANCIAMIENTO,1471.52,
2014,4,CRÉDITO INTERNO NETO,-1093.40,
2014,4,Utilización ,3905.50,
2014,4,Menos Amortización ,4998.90,
2014,4,CRÉDITO EXTERNO NETO,327.40,
2014,4,Desembolsos,785.30,
2014,4,Menos Amortización ,457.90,
2014,4,TRANSFERENCIAS EXTERNAS,458.60,
2014,4,UTILIZACIÓN DE DEPÓSITOS,545.90,
2014,4,FLUJO DE CUENTAS POR PAGAR,-759.60,
2014,4,VARIACIÓN DE EFECTIVO,1992.62,
2014,4,PRODUCTO INTERNO BRUTO,409138.00,
2014,4,BALANCE GLOBAL NETO / PIB (%),-0.36,
2014,3,INGRESOS TOTALES,14671.46,
2014,3,Ingresos Corrientes ,14266.02,
2014,3,Donaciones HIPC,346.04,
2014,3,Donaciones,59.40,
2014,3,Ingresos de Capital,0.00,
2014,3,GASTO CORRIENTE,15854.20,
2014,3,Gasto de Consumo,9308.00,
2014,3,Sueldos y salarios,7392.90,
2014,3,Aportes Patronales,715.00,
2014,3,Bienes y servicios,1200.10,
2014,3,Comisiones,181.30,
2014,3,Internos,130.40,
2014,3,Externos,50.90,
2014,3,Intereses Deuda,2503.30,
2014,3,Internos,1813.60,
2014,3,Externos,689.70,
2014,3,Transferencias,3861.60,
2014,3,AHORRO EN CUENTA CORRIENTE,-1588.18,
2014,3,Gasto de Capital y Prestamos Netos,2343.80,
2014,3,Inversión,658.80,
2014,3,Inversión Financiera ,0.00,
2014,3,Transferencias,1685.00,
2014,3,TOTAL GASTOS NETOS,18198.00,
2014,3,BALANCE ,-3526.54,
2014,3,FINANCIAMIENTO,3526.54,
2014,3,CRÉDITO INTERNO NETO,-1105.90,
2014,3,Utilización ,3171.50,
2014,3,Menos Amortización ,4277.40,
2014,3,CRÉDITO EXTERNO NETO,319.60,
2014,3,Desembolsos,608.30,
2014,3,Menos Amortización ,288.70,
2014,3,TRANSFERENCIAS EXTERNAS,346.00,
2014,3,UTILIZACIÓN DE DEPÓSITOS,401.50,
2014,3,FLUJO DE CUENTAS POR PAGAR,-1173.80,
2014,3,VARIACIÓN DE EFECTIVO,4388.90,
2014,3,PRODUCTO INTERNO BRUTO,409138.00,
2014,3,BALANCE GLOBAL NETO / PIB (%),-0.86,
2014,2,INGRESOS TOTALES,9596.90,
2014,2,Ingresos Corrientes ,9389.85,
2014,2,Donaciones HIPC,170.90,
2014,2,Donaciones,36.15,
2014,2,Ingresos de Capital,0.00,
2014,2,GASTO CORRIENTE,9741.38,
2014,2,Gasto de Consumo,5985.04,
2014,2,Sueldos y salarios,5016.34,
2014,2,Aportes Patronales,383.40,
2014,2,Bienes y servicios,585.30,
2014,2,Comisiones,119.30,
2014,2,Internos,84.70,
2014,2,Externos,34.60,
2014,2,Intereses Deuda,1470.54,
2014,2,Internos,1311.14,
2014,2,Externos,159.40,
2014,2,Transferencias,2166.50,
2014,2,AHORRO EN CUENTA CORRIENTE,-351.53,
2014,2,Gasto de Capital y Prestamos Netos,1489.35,
2014,2,Inversión,308.65,
2014,2,Inversión Financiera ,0.00,
2014,2,Transferencias,1180.70,
2014,2,TOTAL GASTOS NETOS,11230.73,
2014,2,BALANCE ,-1633.83,
2014,2,FINANCIAMIENTO,1633.83,
2014,2,CRÉDITO INTERNO NETO,245.50,
2014,2,Utilización ,2789.34,
2014,2,Menos Amortización ,2543.84,
2014,2,CRÉDITO EXTERNO NETO,205.70,
2014,2,Desembolsos,428.84,
2014,2,Menos Amortización ,223.14,
2014,2,TRANSFERENCIAS EXTERNAS,170.90,
2014,2,UTILIZACIÓN DE DEPÓSITOS,232.10,
2014,2,FLUJO DE CUENTAS POR PAGAR,-1278.44,
2014,2,VARIACIÓN DE EFECTIVO,2986.27,
2014,2,PRODUCTO INTERNO BRUTO,409138.00,
2014,2,BALANCE GLOBAL NETO / PIB (%),-0.40,
2014,1,INGRESOS TOTALES,4739.02,
2014,1,Ingresos Corrientes ,4648.94,
2014,1,Donaciones HIPC,87.44,
2014,1,Donaciones,2.64,
2014,1,Ingresos de Capital,0.00,
2014,1,GASTO CORRIENTE,4127.29,
2014,1,Gasto de Consumo,2729.35,
2014,1,Sueldos y salarios,2380.15,
2014,1,Aportes Patronales,148.80,
2014,1,Bienes y servicios,200.40,
2014,1,Comisiones,44.34,
2014,1,Internos,39.00,
2014,1,Externos,5.34,
2014,1,Intereses Deuda,621.80,
2014,1,Internos,543.40,
2014,1,Externos,78.40,
2014,1,Transferencias,731.80,
2014,1,AHORRO EN CUENTA CORRIENTE,521.65,
2014,1,Gasto de Capital y Prestamos Netos,474.04,
2014,1,Inversión,57.54,
2014,1,Inversión Financiera ,0.00,
2014,1,Transferencias,416.50,
2014,1,TOTAL GASTOS NETOS,4601.33,
2014,1,BALANCE ,137.69,
2014,1,FINANCIAMIENTO,-137.69,
2014,1,CRÉDITO INTERNO NETO,318.70,
2014,1,Utilización ,2144.90,
2014,1,Menos Amortización ,1826.20,
2014,1,CRÉDITO EXTERNO NETO,98.90,
2014,1,Desembolsos,221.80,
2014,1,Menos Amortización ,122.90,
2014,1,TRANSFERENCIAS EXTERNAS,87.40,
2014,1,UTILIZACIÓN DE DEPÓSITOS,-169.60,
2014,1,FLUJO DE CUENTAS POR PAGAR,-2336.60,
2014,1,VARIACIÓN DE EFECTIVO,1863.51,
2014,1,PRODUCTO INTERNO BRUTO,414633.50,
2014,1,BALANCE GLOBAL NETO / PIB (%),0.03,
